title,type,price,num
哈斯福 电脑中频治疗仪 家用多功能颈椎腰椎针灸理疗仪 医用其他经络通按摩电疗仪器 针灸理疗、经络疏通,医药保健--保健器械--理疗仪,0,0
欧姆龙(OMRON)HV-F021低频 电极理疗仪家庭理疗颈椎理疗器按摩仪家用按摩器四肢仪器全身多部位多功能经络（黑色）,医药保健--保健器械--理疗仪,0,0
欧姆龙(OMRON)HV-F021-PK按摩仪 多功能理疗仪 电疗仪 按摩器 家庭理疗 低频 家用 颈椎 多部位（粉色）,医药保健--保健器械--理疗仪,0,0
哈斯福 电脑中频理疗仪 HZ-600 家用多功能 颈椎 医用腰椎针灸治疗仪 其他经络通电疗仪器 通用辅助理疗 电极片*2,医药保健--保健器械--理疗仪,0,0
川木腰椎治疗仪医用腰椎间盘突出理疗仪 家用低中频按摩器腰疼,医药保健--保健器械--理疗仪,0,0
欧姆龙(OMRON)按摩仪 关节炎理疗仪 多功能 腰椎 电疗仪 按摩器 家庭理疗 低频 家用 多部位 颈椎 保健 医用,医药保健--保健器械--理疗仪,0,0
哈斯福 中频治疗仪 医用多功能颈椎电子针灸理疗仪 家用经络腰椎其他按摩电疗仪器（5年包换新）,医药保健--保健器械--理疗仪,0,0
华络疼痛治疗仪 家用理疗仪 腰椎间盘突出治疗仪 低频关节炎肩周炎颈椎理疗仪 YQ-D0202,医药保健--保健器械--理疗仪,0,0
华络2型糖尿病理疗仪 低频电子脉冲家用型高血糖高血脂康复器糖尿病并发症 糖尿病康复理疗仪YQ-D401T,医药保健--保健器械--理疗仪,0,0
华络(hualuojk.com)疼痛理疗仪 腰椎间盘突出理疗仪 家用多功能低频肩周炎颈椎理疗仪 其他便携YQ-D0201,医药保健--保健器械--理疗仪,0,0
全家享用】可孚神灯仪 神灯频谱理疗仪烤灯家用医用赠磁疗贴穴位图全身适用腰酸背痛老人 可苏宁实体店现金付款Cofoe,医药保健--保健器械--理疗仪,0,0
國仁 神灯tdp红外线治疗器烤电理疗仪家用远医用医疗多功能红光烤灯 立式L-1-8A升级9A,医药保健--保健器械--理疗仪,0,0
诺仪 腰部理疗仪JQ-883 家用腰间盘理疗仪腰椎间盘牵引器突出腰疼按摩腰肌劳损通用电疗仪,医药保健--保健器械--理疗仪,0,0
富林(FOLEE)KD系列低频理疗仪KD001Y语音款家用指压揉捏颈椎腰椎拍打按摩仪贴片按摩器低中频理疗仪肩颈按摩仪,医药保健--保健器械--理疗仪,0,0
诺仪高电位治疗仪 高电位理疗仪家用体验馆充电仪器 高电位理疗机器充电机器 诺仪高电位治疗仪标配+2张串联坐垫,医药保健--保健器械--理疗仪,0,0
赠膏药贴】可孚红外线理疗仪神灯频谱理疗仪CQ-32家用进口灯泡台式电烤灯医用腰酸背痛关节其他疼痛老人男女Cofoe,医药保健--保健器械--理疗仪,0,0
欧姆龙(OMRON)低频理疗仪 HV-F1200 颈椎腰椎肩周炎 3D低频脉冲家用按摩理疗器,医药保健--保健器械--理疗仪,0,0
仙鹤牌神灯特定电磁波治疗器CQ-29N烤灯理疗仪 家用医用烤灯 XIANHE 理疗仪（器械） 四肢关节,医药保健--保健器械--理疗仪,0,0
哈斯福 电脑中频理疗仪 医用家用多功能 颈椎 腰椎电子针灸治疗仪 其他经络通电疗仪器（送电极片）,医药保健--保健器械--理疗仪,0,0
恒明医疗特定电磁波谱理疗仪TDP-T1家用神灯理疗灯医用烤灯理疗仪（器械）,医药保健--保健器械--理疗仪,0,0
欧姆龙(OMRON) 按摩仪理疗仪 肩膀痛 颈椎仪器 低频理疗仪 家庭 四肢 家用 电极 四肢 多部位 医用 全身,医药保健--保健器械--理疗仪,0,0
美得（MEIDEMED）前列腺家用治疗仪 M7 前列腺理疗仪 前列腺增生肥大 慢性炎 尿频尿急 尿潴留 按摩仪器医用家用,医药保健--保健器械--理疗仪,0,0
川木腰椎治疗仪第二代腰椎间盘腰间盘突出理疗仪中频治疗仪牵引按摩器 标准版,医药保健--保健器械--理疗仪,0,0
颈养颈椎腰椎肩周炎关节炎电子针灸治疗仪中频脉冲迷你揉捏拍打穴位按摩器数码全身多功能贴片式颈部电疗仪智能肩颈疏通经络按摩仪,医药保健--保健器械--理疗仪,0,0
希格玛uvb紫外线光疗仪灯窄谱中波银屑病白癜风治疗仪机理疗SS01,医药保健--保健器械--理疗仪,0,0
哈斯福 理疗仪HZ-900家用多功能颈椎腰椎电脑针灸理疗仪 其他经络通按摩电疗仪器,医药保健--保健器械--理疗仪,0,0
华伦神灯特定电磁波(TDP) 理疗仪CQJ-16B蓝色 家用医用神灯理疗仪烤灯,医药保健--保健器械--理疗仪,0,0
哈斯福 电脑中频理疗仪 HZ-600 家用多功能 颈椎 腰椎针灸理疗仪 经络通电疗仪器 其他通用辅助理疗,医药保健--保健器械--理疗仪,0,0
高博士(GAO BO SHI) 电针仪颈椎中频治疗仪电疗仪腰椎理疗仪适用部位腰部辅助按多功能加热药物导入仪,医药保健--保健器械--理疗仪,0,0
仙鹤牌TDP治疗仪远红外线理疗仪 CQ-61 神灯 医用 家用烤灯,医药保健--保健器械--理疗仪,0,0
佳禾空气波压力理疗仪医用家用静脉曲张腿部按摩器静脉血栓治疗仪【主机+双下肢】,医药保健--保健器械--理疗仪,0,0
可孚中频针灸理疗仪家用多功能疏通经络电疗仪肩周炎按摩器颈椎 背部全身 理疗仪（器械）Cofoe,医药保健--保健器械--理疗仪,0,0
欧姆龙(OMRON)HV-LLPAD（理疗仪HV-021/020配件）治疗贴 理疗贴 按摩仪贴片 电极片 粘贴片 低频片,医药保健--保健器械--理疗仪,0,0
高博士 电针仪颈椎中频治疗仪电疗仪 腰椎理疗仪多功能加热药物导入仪 高配理疗药物导入版,医药保健--保健器械--理疗仪,0,0
享全健中频治疗仪颈椎肩周炎经络通腰间盘突出理疗仪家用按摩仪器,医药保健--保健器械--理疗仪,0,0
仙鹤牌神灯红外线理疗仪 烤电理疗仪家用远医用医疗多功能红光烤灯CQ-61P XIANHE 神灯频谱理疗仪,医药保健--保健器械--理疗仪,0,0
仙鹤牌(XIANHE)神灯红外线理疗灯CQ-61理疗仪家用医用医疗多功能红光烤灯理疗仪红外线理疗灯,医药保健--保健器械--理疗仪,0,0
欧姆龙(OMRON)HV-F020按摩仪 低频理疗仪 家庭 颈椎治疗仪器 四肢 家用 电极 全身多部位 医用 小腿痛,医药保健--保健器械--理疗仪,0,0
仙鹤牌神灯理疗仪TDP特定电磁波理疗仪 CQ-10 神灯家用烤灯 风湿理疗仪器,医药保健--保健器械--理疗仪,0,0
瑞喜堂TX-9000II代升级版 能量养生仪 高电位治疗仪治疗机 理疗仪家用 中频治疗仪 中频理疗仪 标配,医药保健--保健器械--理疗仪,0,0
富林(FOLEE)KD系列低频理疗仪KD001揉捏推拿指压拍打肩颈多种模式切换电池贴片按摩仪器理疗仪（器械）,医药保健--保健器械--理疗仪,0,0
欧姆龙(OMRON) 低频理疗仪 HV-F128 低周波按摩仪四肢关节 便携指压揉捏拍打按摩器,医药保健--保健器械--理疗仪,0,0
诺仪中频激光综合治疗仪JQ-893-1家用医用多功能中频超声波颈椎病腰椎间盘突出治疗仪理疗仪,医药保健--保健器械--理疗仪,0,0
国仁 神灯tdp红外线治疗器烤电理疗仪家用远医用医疗多功能红光烤灯 立式L-1-8A升级9A,医药保健--保健器械--理疗仪,0,0
溢泉(YIQUAN) 低中频治疗仪家用电脑激光综合多功能光波康复理疗仪,医药保健--保健器械--理疗仪,0,0
可孚颈椎治疗器理疗仪家用的颈部按摩热敷加热劲椎病按摩仪揉捏疼痛 理疗仪（器械）Cofoe,医药保健--保健器械--理疗仪,0,0
高博士(GAO BO SHI) 电针仪颈椎中频治疗仪电疗仪腰椎理疗仪多功能加热药物导入仪腰部其他 高配理疗版,医药保健--保健器械--理疗仪,0,0
哈斯福 电脑中频理疗仪 HZ-900 电极片1对,医药保健--保健器械--理疗仪,0,0
全日康 电脑中频治疗仪 J18BX 肩周炎颈椎病椎间盘突出理疗 低中频理疗仪 其他 理疗仪,医药保健--保健器械--理疗仪,0,0
华伦 特定电磁波(TDP)理疗仪 CQJ-16B 红外电磁2合1 家用医用远红外线理疗灯烤电理疗仪烤灯,医药保健--保健器械--理疗仪,0,0
國仁 神灯tdp红外线治疗器烤电理疗仪家用远医用医疗多功能红光烤灯 立式TDP-L-I-6A,医药保健--保健器械--理疗仪,0,0
侨芯 中频治疗仪 家用光波理疗仪颈椎腰椎腰间盘突出偏瘫康复医用多功能针灸经络微电脑脉冲治疗仪电疗仪,医药保健--保健器械--理疗仪,0,0
三诺(SANNUO) 三诺安稳免调码血糖试纸 家用100支独立装 送采血针,医药保健--保健器械--理疗仪,0,0
欧姆龙(OMRON)HV-F020按摩仪 按摩器多功能 家庭理疗仪器 家用 颈椎 多部位 贴片式 保健 医用腰椎 足部,医药保健--保健器械--理疗仪,0,0
诺仪中频理疗仪家用多功能疏通经络肩周炎腰椎间盘突出颈椎治疗仪,医药保健--保健器械--理疗仪,0,0
康得 腰间盘突出护腰带 腰肌腰痛腰椎牵引器理疗仪家用医用多功能 腰部劳损中频治疗仪,医药保健--保健器械--理疗仪,0,0
三诺（SANNUO） 金稳血糖测试仪全自动免调码 家用100支瓶装血糖试纸套装 送等量采血针酒精棉,医药保健--保健器械--理疗仪,0,0
美得（MEIDEMED）前列腺家用治疗仪 前列腺理疗仪 前列腺增生 肥大 慢性炎 按摩仪器 男用理疗仪 医用男科尿频,医药保健--保健器械--理疗仪,0,0
川木腰椎治疗仪第二代腰椎间盘腰间盘突出理疗仪牵引按摩器 腰椎治疗仪 升级版,医药保健--保健器械--理疗仪,0,0
周林频谱仪理疗仪WS-301家用颈椎腰椎关节炎症电磁波治疗仪,医药保健--保健器械--理疗仪,0,0
高博士(GAO BO SHI) 电针仪颈椎中频治疗仪电疗仪腰椎理疗仪适用部位腰部辅助按多功能加热药物导入仪高配理疗药物,医药保健--保健器械--理疗仪,0,0
鱼跃（YUWELL）便携式轮椅2000 铝合金老人轻便折叠手推儿童旅行飞机轮椅车四肢关节拍打按摩理疗仪（器械）,医药保健--保健器械--理疗仪,0,0
博宁特定电磁波谱理疗仪器家用关节颈椎风湿炎热敷远红外线烤灯医用多功能,医药保健--保健器械--理疗仪,0,0
国仁 神灯理疗仪家用医用远红外线tdp烤灯电磁波治疗器 立式TDP-L-I-6A,医药保健--保健器械--理疗仪,0,0
欧姆龙(OMRON)HV-F1200理疗仪 腿部按摩器 医用腰椎 多功能治疗仪 家用 低频 辅助 电动 颈椎 家庭 电子,医药保健--保健器械--理疗仪,0,0
仙鹤牌神灯治疗仪CQ-61烤灯理疗仪 家用医用多功能肩周炎治疗器,医药保健--保健器械--理疗仪,0,0
國仁 神灯tdp红外线治疗器烤电理疗仪家用远医用医疗多功能红光烤灯 远红外线立式HW-L-1,医药保健--保健器械--理疗仪,0,0
仙鹤牌神灯理疗仪 远红外线家用 医用腰椎肩周炎 风湿关节炎烤灯,医药保健--保健器械--理疗仪,0,0
诺仪 中频综合治疗仪 JQ-867 颈椎病 腰肌劳损 骨关节炎 膝关节 经络多功能家用 医用理疗仪 按摩仪器,医药保健--保健器械--理疗仪,0,0
仙鹤牌TDP 特定电磁波 治疗仪 CQ-29 神灯 家用烤灯 理疗仪,医药保健--保健器械--理疗仪,0,0
松下(Panasonic) 颈椎低频理疗器NA12小巧时尚按摩理疗仪 带肩颈上边走边按摩肩颈按摩,医药保健--保健器械--理疗仪,0,0
恒明医疗特定电磁波谱理疗仪TDP-L1A 医疗烤灯家用医用台式立式电磁波,医药保健--保健器械--理疗仪,0,0
溢泉(YIQUAN) 低中频治疗仪家用电脑激光综合多功能光波康复理疗仪 腰间盘突出理疗仪HYS-339,医药保健--保健器械--理疗仪,0,0
诺仪中频治疗仪电子脉冲激光颈椎腰椎盘突出家用多功能理疗仪 治疗仪,医药保健--保健器械--理疗仪,0,0
仙鹤牌神灯CQ-10 特定电磁波理疗仪 家用电磁波烤灯 XIANHE 理疗仪（器械） 其他 理疗仪,医药保健--保健器械--理疗仪,0,0
三诺（SANNUO）尿微量白蛋白检测试纸 5支装,医药保健--保健器械--理疗仪,0,0
华伦 特定电磁波(TDP)治疗器 CQJ-25B (调温)2合1 紫色 康复理疗器械 全身可用 理疗仪（器械） 四肢关节,医药保健--保健器械--理疗仪,0,0
溢泉(YIQUAN)低中频治疗仪家用电脑激光综合多功能光波康复理疗仪 HYS-3008,医药保健--保健器械--理疗仪,0,0
仙鹤牌神灯CQ-23M 特定电磁波理疗仪 tdp烤电理疗仪 家用医用烤灯 XIANHE 理疗仪（器械） 腰部,医药保健--保健器械--理疗仪,0,0
仙鹤神灯治疗仪TDP特定电磁波治疗器 远红外线理疗灯电烤灯CQ-10家用理疗仪台式 风湿妇科理疗烤灯器,医药保健--保健器械--理疗仪,0,0
仙鹤牌神灯红外线理疗仪CQ-32 烤电理疗仪家用远医用多功能红光风湿烤灯理疗器红外线理疗灯,医药保健--保健器械--理疗仪,0,0
仙鹤(XIANHE)神灯烤电理疗仪 家用医用多功能电磁波治疗器tdp线烤灯,医药保健--保健器械--理疗仪,0,0
华伦特定电磁波(TDP)治疗器CQJ-25 (机械定时)2合1 颈椎病腰间盘突出坐骨神经镇痛 修复软组织损伤理疗仪,医药保健--保健器械--理疗仪,0,0
仙鹤 电烤灯神灯治疗仪腰颈椎家用理疗仪台式CQ-30,医药保健--保健器械--理疗仪,0,0
仙鹤神灯烤电理疗仪 家用医用多功能电磁波治疗器tdp烤灯,医药保健--保健器械--理疗仪,0,0
欧姆龙(OMRON)HV-F128多功能电子理疗仪 按摩仪 医院 肩周炎 全身多部位 颈椎治疗仪 颈部按摩器 保健 低频,医药保健--保健器械--理疗仪,0,0
攀高pangao低频理疗仪PG-2602A 家用保健 多功能理疗仪器 电脉冲按摩 理疗仪（器械） 四肢关节,医药保健--保健器械--理疗仪,0,0
华伦神灯特定电磁波(TDP) 理疗仪CQJ-16B绿色 家用医用神灯理疗仪烤灯,医药保健--保健器械--理疗仪,0,0
欧姆龙(OMRON)低频理疗仪理疗仪 HV-F127 颈椎腰椎理疗仪,医药保健--保健器械--理疗仪,0,0
光盾鼻炎治疗仪 家用激光半导体理疗仪鼻之光成人儿童过敏性急慢性红光照射器 光盾鼻炎治疗仪标配,医药保健--保健器械--理疗仪,0,0
溢泉(YIQUAN)低中频治疗仪家用电脑激光综合多功能光波康复理疗仪 颈椎治疗仪HYS-3200,医药保健--保健器械--理疗仪,0,0
安瑞普睡眠治疗仪失眠多梦理疗仪电子睡眠仪抑郁焦虑神经衰弱助眠器新款,医药保健--保健器械--理疗仪,0,0
国仁 tdp神灯烤灯治疗仪红外线电磁波理疗仪家用医用烤电 双头烤灯TDPL-I-4,医药保健--保健器械--理疗仪,0,0
瑞喜堂 TX-9000IV 能量养生仪 电位治疗仪高电位治疗仪多功能家用高电位治疗机理疗仪失眠 标配,医药保健--保健器械--理疗仪,0,0
仙鹤(XIANHE) 红外线理疗仪 CQ-62神灯红外线理疗灯理疗器烤电理疗仪家用远医用风湿多功能红光烤灯,医药保健--保健器械--理疗仪,0,0
王太医红外线理疗仪HYW-15 神灯治疗仪理疗灯烤灯 台式通用tdp电磁波理疗,医药保健--保健器械--理疗仪,0,0
瑞喜堂 TX-9000IV 能量养生仪 电位治疗仪高电位治疗仪多功能家用高电位治疗机理疗仪失眠 单人夜用套餐,医药保健--保健器械--理疗仪,0,0
瑞喜堂 TX-9000IV 能量养生仪 电位治疗仪高电位治疗仪多功能家用高电位治疗机理疗仪失眠 综合套餐,医药保健--保健器械--理疗仪,0,0
瑞喜堂TX-9000II代升级版 能量养生仪 高电位治疗仪治疗机 理疗仪家用 中频治疗仪 中频理疗仪 单人夜用,医药保健--保健器械--理疗仪,0,0
三特治疗仪 医用多功能针灸理疗仪 肩周炎治疗器 按摩 家用中频电疗治疗仪器,医药保健--保健器械--理疗仪,0,0
瑞喜堂TX-9000II代升级版 能量养生仪 高电位治疗仪治疗机 理疗仪家用 中频治疗仪 中频理疗仪 综合套餐,医药保健--保健器械--理疗仪,0,0
松下(Panasonic) 低频理疗器NA22全身按摩仪 颈椎腰椎理疗仪 化妆盒样式,医药保健--保健器械--理疗仪,0,0
瑞喜堂 TX-9000IV 能量养生仪 电位治疗仪高电位治疗仪多功能家用高电位治疗机理疗仪失眠 双人套餐,医药保健--保健器械--理疗仪,0,0
瑞喜堂TX-9000II代升级版 能量养生仪 高电位治疗仪治疗机 理疗仪家用 中频治疗仪 中频理疗仪 双人套餐,医药保健--保健器械--理疗仪,0,0
诺仪 中频综合治疗仪JQ-867 颈椎病腰椎病关节炎经络穴位多功能理疗仪器 家用 医用辅助理疗仪,医药保健--保健器械--理疗仪,0,0
川木腰椎治疗仪腰椎间盘腰间盘突出理疗仪牵引器腰部按摩器 腰椎治疗仪,医药保健--保健器械--理疗仪,0,0
诺仪 腰部治疗仪JQ-883 腰椎间盘突出治疗仪 腰部背部肩部多功能电动按摩 推拿 慢性腰肌劳损治疗器 家用 最新产品,医药保健--保健器械--理疗仪,0,0
仙鹤牌远红外线治疗仪 TDP理疗仪 CQ30 神灯 家用烤灯,医药保健--保健器械--理疗仪,0,0
王太医 颈椎治疗仪中频理疗仪 劲椎病,医药保健--保健器械--理疗仪,0,0
长坤（CHANGKUN）中频眼部治疗仪近视弱视按摩理疗仪儿童成人家用视力恢复训练,医药保健--保健器械--理疗仪,0,0
川木颈椎按摩器颈椎治疗仪牵引器肩周炎理疗仪家用颈椎病颈部枕,医药保健--保健器械--理疗仪,0,0
仙鹤牌TDP 特定电磁波 治疗仪 CQ-12 神灯 理疗仪 家用烤灯,医药保健--保健器械--理疗仪,0,0
仙鹤神灯烤电理疗仪 家用医用多功能电磁波治疗器tdp烤灯,医药保健--保健器械--理疗仪,0,0
享全健 JQ-852 中频激光多功能治疗仪 三高治疗仪 关节颈椎腰椎理疗仪 脑部按摩器 家用医用理疗仪,医药保健--保健器械--理疗仪,0,0
松和(SONGHE)气血循环机 多功能按摩器足疗养生机 基础款,医药保健--保健器械--理疗仪,0,0
享全健中频综合治疗仪 电子针灸 经络脉冲理疗仪 颈椎病 腰椎间盘突出 关节炎家用 医用 理疗仪 多功能治疗仪,医药保健--保健器械--理疗仪,0,0
欧姆龙(OMRON)HV-F127理疗仪 电疗仪 按摩仪 治疗仪 家用多功能 腰椎 颈椎 家庭 治腿 电动 疼痛 医用,医药保健--保健器械--理疗仪,0,0
佳禾空气波压力理疗仪医用家用静脉曲张腿部按摩器静脉血栓治疗仪【主机+双下肢+腰部】,医药保健--保健器械--理疗仪,0,0
国仁 tdp神灯烤灯治疗仪红外线电磁波理疗仪家用医用烤电 远红外线立式HW-L-1,医药保健--保健器械--理疗仪,0,0
诺仪腰间盘突出理疗仪腰椎针灸按摩仪腰肌劳损中频综合治疗仪家用,医药保健--保健器械--理疗仪,0,0
哈斯福 电脑中频治疗仪 家用多功能颈椎腰椎针灸理疗仪 医用其他经络通按摩电疗仪器 针灸理疗、经络疏通,医药保健--保健器械--理疗仪,0,0
欧姆龙(OMRON)HV-F021低频 电极理疗仪家庭理疗颈椎理疗器按摩仪家用按摩器四肢仪器全身多部位多功能经络（黑色）,医药保健--保健器械--理疗仪,0,0
欧姆龙(OMRON)HV-F021-PK按摩仪 多功能理疗仪 电疗仪 按摩器 家庭理疗 低频 家用 颈椎 多部位（粉色）,医药保健--保健器械--理疗仪,0,0
哈斯福 电脑中频理疗仪 HZ-600 家用多功能 颈椎 医用腰椎针灸治疗仪 其他经络通电疗仪器 通用辅助理疗 电极片*2,医药保健--保健器械--理疗仪,0,0
川木腰椎治疗仪医用腰椎间盘突出理疗仪 家用低中频按摩器腰疼,医药保健--保健器械--理疗仪,0,0
欧姆龙(OMRON)按摩仪 关节炎理疗仪 多功能 腰椎 电疗仪 按摩器 家庭理疗 低频 家用 多部位 颈椎 保健 医用,医药保健--保健器械--理疗仪,0,0
哈斯福 中频治疗仪 医用多功能颈椎电子针灸理疗仪 家用经络腰椎其他按摩电疗仪器（5年包换新）,医药保健--保健器械--理疗仪,0,0
华络疼痛治疗仪 家用理疗仪 腰椎间盘突出治疗仪 低频关节炎肩周炎颈椎理疗仪 YQ-D0202,医药保健--保健器械--理疗仪,0,0
华络2型糖尿病理疗仪 低频电子脉冲家用型高血糖高血脂康复器糖尿病并发症 糖尿病康复理疗仪YQ-D401T,医药保健--保健器械--理疗仪,0,0
华络(hualuojk.com)疼痛理疗仪 腰椎间盘突出理疗仪 家用多功能低频肩周炎颈椎理疗仪 其他便携YQ-D0201,医药保健--保健器械--理疗仪,0,0
全家享用】可孚神灯仪 神灯频谱理疗仪烤灯家用医用赠磁疗贴穴位图全身适用腰酸背痛老人 可苏宁实体店现金付款Cofoe,医药保健--保健器械--理疗仪,0,0
國仁 神灯tdp红外线治疗器烤电理疗仪家用远医用医疗多功能红光烤灯 立式L-1-8A升级9A,医药保健--保健器械--理疗仪,0,0
诺仪 腰部理疗仪JQ-883 家用腰间盘理疗仪腰椎间盘牵引器突出腰疼按摩腰肌劳损通用电疗仪,医药保健--保健器械--理疗仪,0,0
富林(FOLEE)KD系列低频理疗仪KD001Y语音款家用指压揉捏颈椎腰椎拍打按摩仪贴片按摩器低中频理疗仪肩颈按摩仪,医药保健--保健器械--理疗仪,0,0
诺仪高电位治疗仪 高电位理疗仪家用体验馆充电仪器 高电位理疗机器充电机器 诺仪高电位治疗仪标配+2张串联坐垫,医药保健--保健器械--理疗仪,0,0
赠膏药贴】可孚红外线理疗仪神灯频谱理疗仪CQ-32家用进口灯泡台式电烤灯医用腰酸背痛关节其他疼痛老人男女Cofoe,医药保健--保健器械--理疗仪,0,0
欧姆龙(OMRON)低频理疗仪 HV-F1200 颈椎腰椎肩周炎 3D低频脉冲家用按摩理疗器,医药保健--保健器械--理疗仪,0,0
仙鹤牌神灯特定电磁波治疗器CQ-29N烤灯理疗仪 家用医用烤灯 XIANHE 理疗仪（器械） 四肢关节,医药保健--保健器械--理疗仪,0,0
哈斯福 电脑中频理疗仪 医用家用多功能 颈椎 腰椎电子针灸治疗仪 其他经络通电疗仪器（送电极片）,医药保健--保健器械--理疗仪,0,0
恒明医疗特定电磁波谱理疗仪TDP-T1家用神灯理疗灯医用烤灯理疗仪（器械）,医药保健--保健器械--理疗仪,0,0
欧姆龙(OMRON) 按摩仪理疗仪 肩膀痛 颈椎仪器 低频理疗仪 家庭 四肢 家用 电极 四肢 多部位 医用 全身,医药保健--保健器械--理疗仪,0,0
美得（MEIDEMED）前列腺家用治疗仪 M7 前列腺理疗仪 前列腺增生肥大 慢性炎 尿频尿急 尿潴留 按摩仪器医用家用,医药保健--保健器械--理疗仪,0,0
川木腰椎治疗仪第二代腰椎间盘腰间盘突出理疗仪中频治疗仪牵引按摩器 标准版,医药保健--保健器械--理疗仪,0,0
颈养颈椎腰椎肩周炎关节炎电子针灸治疗仪中频脉冲迷你揉捏拍打穴位按摩器数码全身多功能贴片式颈部电疗仪智能肩颈疏通经络按摩仪,医药保健--保健器械--理疗仪,0,0
希格玛uvb紫外线光疗仪灯窄谱中波银屑病白癜风治疗仪机理疗SS01,医药保健--保健器械--理疗仪,0,0
哈斯福 理疗仪HZ-900家用多功能颈椎腰椎电脑针灸理疗仪 其他经络通按摩电疗仪器,医药保健--保健器械--理疗仪,0,0
华伦神灯特定电磁波(TDP) 理疗仪CQJ-16B蓝色 家用医用神灯理疗仪烤灯,医药保健--保健器械--理疗仪,0,0
哈斯福 电脑中频理疗仪 HZ-600 家用多功能 颈椎 腰椎针灸理疗仪 经络通电疗仪器 其他通用辅助理疗,医药保健--保健器械--理疗仪,0,0
高博士(GAO BO SHI) 电针仪颈椎中频治疗仪电疗仪腰椎理疗仪适用部位腰部辅助按多功能加热药物导入仪,医药保健--保健器械--理疗仪,0,0
仙鹤牌TDP治疗仪远红外线理疗仪 CQ-61 神灯 医用 家用烤灯,医药保健--保健器械--理疗仪,0,0
佳禾空气波压力理疗仪医用家用静脉曲张腿部按摩器静脉血栓治疗仪【主机+双下肢】,医药保健--保健器械--理疗仪,0,0
可孚中频针灸理疗仪家用多功能疏通经络电疗仪肩周炎按摩器颈椎 背部全身 理疗仪（器械）Cofoe,医药保健--保健器械--理疗仪,0,0
欧姆龙(OMRON)HV-LLPAD（理疗仪HV-021/020配件）治疗贴 理疗贴 按摩仪贴片 电极片 粘贴片 低频片,医药保健--保健器械--理疗仪,0,0
高博士 电针仪颈椎中频治疗仪电疗仪 腰椎理疗仪多功能加热药物导入仪 高配理疗药物导入版,医药保健--保健器械--理疗仪,0,0
享全健中频治疗仪颈椎肩周炎经络通腰间盘突出理疗仪家用按摩仪器,医药保健--保健器械--理疗仪,0,0
仙鹤牌神灯红外线理疗仪 烤电理疗仪家用远医用医疗多功能红光烤灯CQ-61P XIANHE 神灯频谱理疗仪,医药保健--保健器械--理疗仪,0,0
仙鹤牌(XIANHE)神灯红外线理疗灯CQ-61理疗仪家用医用医疗多功能红光烤灯理疗仪红外线理疗灯,医药保健--保健器械--理疗仪,0,0
欧姆龙(OMRON)HV-F020按摩仪 低频理疗仪 家庭 颈椎治疗仪器 四肢 家用 电极 全身多部位 医用 小腿痛,医药保健--保健器械--理疗仪,0,0
仙鹤牌神灯理疗仪TDP特定电磁波理疗仪 CQ-10 神灯家用烤灯 风湿理疗仪器,医药保健--保健器械--理疗仪,0,0
瑞喜堂TX-9000II代升级版 能量养生仪 高电位治疗仪治疗机 理疗仪家用 中频治疗仪 中频理疗仪 标配,医药保健--保健器械--理疗仪,0,0
富林(FOLEE)KD系列低频理疗仪KD001揉捏推拿指压拍打肩颈多种模式切换电池贴片按摩仪器理疗仪（器械）,医药保健--保健器械--理疗仪,0,0
欧姆龙(OMRON) 低频理疗仪 HV-F128 低周波按摩仪四肢关节 便携指压揉捏拍打按摩器,医药保健--保健器械--理疗仪,0,0
诺仪中频激光综合治疗仪JQ-893-1家用医用多功能中频超声波颈椎病腰椎间盘突出治疗仪理疗仪,医药保健--保健器械--理疗仪,0,0
国仁 神灯tdp红外线治疗器烤电理疗仪家用远医用医疗多功能红光烤灯 立式L-1-8A升级9A,医药保健--保健器械--理疗仪,0,0
溢泉(YIQUAN) 低中频治疗仪家用电脑激光综合多功能光波康复理疗仪,医药保健--保健器械--理疗仪,0,0
可孚颈椎治疗器理疗仪家用的颈部按摩热敷加热劲椎病按摩仪揉捏疼痛 理疗仪（器械）Cofoe,医药保健--保健器械--理疗仪,0,0
高博士(GAO BO SHI) 电针仪颈椎中频治疗仪电疗仪腰椎理疗仪多功能加热药物导入仪腰部其他 高配理疗版,医药保健--保健器械--理疗仪,0,0
哈斯福 电脑中频理疗仪 HZ-900 电极片1对,医药保健--保健器械--理疗仪,0,0
全日康 电脑中频治疗仪 J18BX 肩周炎颈椎病椎间盘突出理疗 低中频理疗仪 其他 理疗仪,医药保健--保健器械--理疗仪,0,0
华伦 特定电磁波(TDP)理疗仪 CQJ-16B 红外电磁2合1 家用医用远红外线理疗灯烤电理疗仪烤灯,医药保健--保健器械--理疗仪,0,0
國仁 神灯tdp红外线治疗器烤电理疗仪家用远医用医疗多功能红光烤灯 立式TDP-L-I-6A,医药保健--保健器械--理疗仪,0,0
侨芯 中频治疗仪 家用光波理疗仪颈椎腰椎腰间盘突出偏瘫康复医用多功能针灸经络微电脑脉冲治疗仪电疗仪,医药保健--保健器械--理疗仪,0,0
三诺(SANNUO) 三诺安稳免调码血糖试纸 家用100支独立装 送采血针,医药保健--保健器械--理疗仪,0,0
欧姆龙(OMRON)HV-F020按摩仪 按摩器多功能 家庭理疗仪器 家用 颈椎 多部位 贴片式 保健 医用腰椎 足部,医药保健--保健器械--理疗仪,0,0
诺仪中频理疗仪家用多功能疏通经络肩周炎腰椎间盘突出颈椎治疗仪,医药保健--保健器械--理疗仪,0,0
康得 腰间盘突出护腰带 腰肌腰痛腰椎牵引器理疗仪家用医用多功能 腰部劳损中频治疗仪,医药保健--保健器械--理疗仪,0,0
三诺（SANNUO） 金稳血糖测试仪全自动免调码 家用100支瓶装血糖试纸套装 送等量采血针酒精棉,医药保健--保健器械--理疗仪,0,0
美得（MEIDEMED）前列腺家用治疗仪 前列腺理疗仪 前列腺增生 肥大 慢性炎 按摩仪器 男用理疗仪 医用男科尿频,医药保健--保健器械--理疗仪,0,0
川木腰椎治疗仪第二代腰椎间盘腰间盘突出理疗仪牵引按摩器 腰椎治疗仪 升级版,医药保健--保健器械--理疗仪,0,0
周林频谱仪理疗仪WS-301家用颈椎腰椎关节炎症电磁波治疗仪,医药保健--保健器械--理疗仪,0,0
高博士(GAO BO SHI) 电针仪颈椎中频治疗仪电疗仪腰椎理疗仪适用部位腰部辅助按多功能加热药物导入仪高配理疗药物,医药保健--保健器械--理疗仪,0,0
鱼跃（YUWELL）便携式轮椅2000 铝合金老人轻便折叠手推儿童旅行飞机轮椅车四肢关节拍打按摩理疗仪（器械）,医药保健--保健器械--理疗仪,0,0
博宁特定电磁波谱理疗仪器家用关节颈椎风湿炎热敷远红外线烤灯医用多功能,医药保健--保健器械--理疗仪,0,0
国仁 神灯理疗仪家用医用远红外线tdp烤灯电磁波治疗器 立式TDP-L-I-6A,医药保健--保健器械--理疗仪,0,0
欧姆龙(OMRON)HV-F1200理疗仪 腿部按摩器 医用腰椎 多功能治疗仪 家用 低频 辅助 电动 颈椎 家庭 电子,医药保健--保健器械--理疗仪,0,0
仙鹤牌神灯治疗仪CQ-61烤灯理疗仪 家用医用多功能肩周炎治疗器,医药保健--保健器械--理疗仪,0,0
國仁 神灯tdp红外线治疗器烤电理疗仪家用远医用医疗多功能红光烤灯 远红外线立式HW-L-1,医药保健--保健器械--理疗仪,0,0
仙鹤牌神灯理疗仪 远红外线家用 医用腰椎肩周炎 风湿关节炎烤灯,医药保健--保健器械--理疗仪,0,0
诺仪 中频综合治疗仪 JQ-867 颈椎病 腰肌劳损 骨关节炎 膝关节 经络多功能家用 医用理疗仪 按摩仪器,医药保健--保健器械--理疗仪,0,0
仙鹤牌TDP 特定电磁波 治疗仪 CQ-29 神灯 家用烤灯 理疗仪,医药保健--保健器械--理疗仪,0,0
松下(Panasonic) 颈椎低频理疗器NA12小巧时尚按摩理疗仪 带肩颈上边走边按摩肩颈按摩,医药保健--保健器械--理疗仪,0,0
恒明医疗特定电磁波谱理疗仪TDP-L1A 医疗烤灯家用医用台式立式电磁波,医药保健--保健器械--理疗仪,0,0
溢泉(YIQUAN) 低中频治疗仪家用电脑激光综合多功能光波康复理疗仪 腰间盘突出理疗仪HYS-339,医药保健--保健器械--理疗仪,0,0
诺仪中频治疗仪电子脉冲激光颈椎腰椎盘突出家用多功能理疗仪 治疗仪,医药保健--保健器械--理疗仪,0,0
仙鹤牌神灯CQ-10 特定电磁波理疗仪 家用电磁波烤灯 XIANHE 理疗仪（器械） 其他 理疗仪,医药保健--保健器械--理疗仪,0,0
三诺（SANNUO）尿微量白蛋白检测试纸 5支装,医药保健--保健器械--理疗仪,0,0
华伦 特定电磁波(TDP)治疗器 CQJ-25B (调温)2合1 紫色 康复理疗器械 全身可用 理疗仪（器械） 四肢关节,医药保健--保健器械--理疗仪,0,0
溢泉(YIQUAN)低中频治疗仪家用电脑激光综合多功能光波康复理疗仪 HYS-3008,医药保健--保健器械--理疗仪,0,0
仙鹤牌神灯CQ-23M 特定电磁波理疗仪 tdp烤电理疗仪 家用医用烤灯 XIANHE 理疗仪（器械） 腰部,医药保健--保健器械--理疗仪,0,0
仙鹤神灯治疗仪TDP特定电磁波治疗器 远红外线理疗灯电烤灯CQ-10家用理疗仪台式 风湿妇科理疗烤灯器,医药保健--保健器械--理疗仪,0,0
仙鹤牌神灯红外线理疗仪CQ-32 烤电理疗仪家用远医用多功能红光风湿烤灯理疗器红外线理疗灯,医药保健--保健器械--理疗仪,0,0
仙鹤(XIANHE)神灯烤电理疗仪 家用医用多功能电磁波治疗器tdp线烤灯,医药保健--保健器械--理疗仪,0,0
华伦特定电磁波(TDP)治疗器CQJ-25 (机械定时)2合1 颈椎病腰间盘突出坐骨神经镇痛 修复软组织损伤理疗仪,医药保健--保健器械--理疗仪,0,0
仙鹤 电烤灯神灯治疗仪腰颈椎家用理疗仪台式CQ-30,医药保健--保健器械--理疗仪,0,0
仙鹤神灯烤电理疗仪 家用医用多功能电磁波治疗器tdp烤灯,医药保健--保健器械--理疗仪,0,0
欧姆龙(OMRON)HV-F128多功能电子理疗仪 按摩仪 医院 肩周炎 全身多部位 颈椎治疗仪 颈部按摩器 保健 低频,医药保健--保健器械--理疗仪,0,0
攀高pangao低频理疗仪PG-2602A 家用保健 多功能理疗仪器 电脉冲按摩 理疗仪（器械） 四肢关节,医药保健--保健器械--理疗仪,0,0
华伦神灯特定电磁波(TDP) 理疗仪CQJ-16B绿色 家用医用神灯理疗仪烤灯,医药保健--保健器械--理疗仪,0,0
欧姆龙(OMRON)低频理疗仪理疗仪 HV-F127 颈椎腰椎理疗仪,医药保健--保健器械--理疗仪,0,0
光盾鼻炎治疗仪 家用激光半导体理疗仪鼻之光成人儿童过敏性急慢性红光照射器 光盾鼻炎治疗仪标配,医药保健--保健器械--理疗仪,0,0
溢泉(YIQUAN)低中频治疗仪家用电脑激光综合多功能光波康复理疗仪 颈椎治疗仪HYS-3200,医药保健--保健器械--理疗仪,0,0
安瑞普睡眠治疗仪失眠多梦理疗仪电子睡眠仪抑郁焦虑神经衰弱助眠器新款,医药保健--保健器械--理疗仪,0,0
国仁 tdp神灯烤灯治疗仪红外线电磁波理疗仪家用医用烤电 双头烤灯TDPL-I-4,医药保健--保健器械--理疗仪,0,0
瑞喜堂 TX-9000IV 能量养生仪 电位治疗仪高电位治疗仪多功能家用高电位治疗机理疗仪失眠 标配,医药保健--保健器械--理疗仪,0,0
仙鹤(XIANHE) 红外线理疗仪 CQ-62神灯红外线理疗灯理疗器烤电理疗仪家用远医用风湿多功能红光烤灯,医药保健--保健器械--理疗仪,0,0
王太医红外线理疗仪HYW-15 神灯治疗仪理疗灯烤灯 台式通用tdp电磁波理疗,医药保健--保健器械--理疗仪,0,0
瑞喜堂 TX-9000IV 能量养生仪 电位治疗仪高电位治疗仪多功能家用高电位治疗机理疗仪失眠 单人夜用套餐,医药保健--保健器械--理疗仪,0,0
瑞喜堂 TX-9000IV 能量养生仪 电位治疗仪高电位治疗仪多功能家用高电位治疗机理疗仪失眠 综合套餐,医药保健--保健器械--理疗仪,0,0
瑞喜堂TX-9000II代升级版 能量养生仪 高电位治疗仪治疗机 理疗仪家用 中频治疗仪 中频理疗仪 单人夜用,医药保健--保健器械--理疗仪,0,0
三特治疗仪 医用多功能针灸理疗仪 肩周炎治疗器 按摩 家用中频电疗治疗仪器,医药保健--保健器械--理疗仪,0,0
瑞喜堂TX-9000II代升级版 能量养生仪 高电位治疗仪治疗机 理疗仪家用 中频治疗仪 中频理疗仪 综合套餐,医药保健--保健器械--理疗仪,0,0
松下(Panasonic) 低频理疗器NA22全身按摩仪 颈椎腰椎理疗仪 化妆盒样式,医药保健--保健器械--理疗仪,0,0
瑞喜堂 TX-9000IV 能量养生仪 电位治疗仪高电位治疗仪多功能家用高电位治疗机理疗仪失眠 双人套餐,医药保健--保健器械--理疗仪,0,0
瑞喜堂TX-9000II代升级版 能量养生仪 高电位治疗仪治疗机 理疗仪家用 中频治疗仪 中频理疗仪 双人套餐,医药保健--保健器械--理疗仪,0,0
诺仪 中频综合治疗仪JQ-867 颈椎病腰椎病关节炎经络穴位多功能理疗仪器 家用 医用辅助理疗仪,医药保健--保健器械--理疗仪,0,0
川木腰椎治疗仪腰椎间盘腰间盘突出理疗仪牵引器腰部按摩器 腰椎治疗仪,医药保健--保健器械--理疗仪,0,0
诺仪 腰部治疗仪JQ-883 腰椎间盘突出治疗仪 腰部背部肩部多功能电动按摩 推拿 慢性腰肌劳损治疗器 家用 最新产品,医药保健--保健器械--理疗仪,0,0
仙鹤牌远红外线治疗仪 TDP理疗仪 CQ30 神灯 家用烤灯,医药保健--保健器械--理疗仪,0,0
王太医 颈椎治疗仪中频理疗仪 劲椎病,医药保健--保健器械--理疗仪,0,0
长坤（CHANGKUN）中频眼部治疗仪近视弱视按摩理疗仪儿童成人家用视力恢复训练,医药保健--保健器械--理疗仪,0,0
川木颈椎按摩器颈椎治疗仪牵引器肩周炎理疗仪家用颈椎病颈部枕,医药保健--保健器械--理疗仪,0,0
仙鹤牌TDP 特定电磁波 治疗仪 CQ-12 神灯 理疗仪 家用烤灯,医药保健--保健器械--理疗仪,0,0
仙鹤神灯烤电理疗仪 家用医用多功能电磁波治疗器tdp烤灯,医药保健--保健器械--理疗仪,0,0
享全健 JQ-852 中频激光多功能治疗仪 三高治疗仪 关节颈椎腰椎理疗仪 脑部按摩器 家用医用理疗仪,医药保健--保健器械--理疗仪,0,0
松和(SONGHE)气血循环机 多功能按摩器足疗养生机 基础款,医药保健--保健器械--理疗仪,0,0
享全健中频综合治疗仪 电子针灸 经络脉冲理疗仪 颈椎病 腰椎间盘突出 关节炎家用 医用 理疗仪 多功能治疗仪,医药保健--保健器械--理疗仪,0,0
欧姆龙(OMRON)HV-F127理疗仪 电疗仪 按摩仪 治疗仪 家用多功能 腰椎 颈椎 家庭 治腿 电动 疼痛 医用,医药保健--保健器械--理疗仪,0,0
佳禾空气波压力理疗仪医用家用静脉曲张腿部按摩器静脉血栓治疗仪【主机+双下肢+腰部】,医药保健--保健器械--理疗仪,0,0
国仁 tdp神灯烤灯治疗仪红外线电磁波理疗仪家用医用烤电 远红外线立式HW-L-1,医药保健--保健器械--理疗仪,0,0
诺仪腰间盘突出理疗仪腰椎针灸按摩仪腰肌劳损中频综合治疗仪家用,医药保健--保健器械--理疗仪,0,0
享全健中频治疗仪 家用多功能关节炎腰椎间盘突出理疗仪按摩仪器,医药保健--保健器械--理疗仪,0,0
王太医红外线理疗仪神灯治疗仪理疗灯烤灯 HYW-15台式,医药保健--保健器械--理疗仪,0,0
佳禾空气波压力理疗仪医用家用腿部静脉曲张按摩器静脉血栓治疗仪【主机+单上肢】,医药保健--保健器械--理疗仪,0,0
华络hualuojk.com鼻炎治疗仪 面瘫 失眠理疗仪 前列腺治疗低频头疼痛按摩仪器YQ-D0101,医药保健--保健器械--理疗仪,0,0
王太医 远红外线理疗仪神灯美容理疗灯红光电烤灯泡家用医用理疗器 立式,医药保健--保健器械--理疗仪,0,0
佳禾空气波压力理疗仪医用家用静脉曲张腿部按摩器静脉血栓治疗仪【主机+单下肢】,医药保健--保健器械--理疗仪,0,0
诺仪 中频综合治疗仪 JQ-867 颈椎病腰肌劳损关节炎经络多功能家用医用理疗仪按摩仪器,医药保健--保健器械--理疗仪,0,0
享全健中频激光综合治疗仪 家用多功能关节炎脉冲经络通理疗仪,医药保健--保健器械--理疗仪,0,0
仙鹤牌神灯治疗仪CQ-61P 烤灯理疗仪 家用医用多功能肩周炎治疗器,医药保健--保健器械--理疗仪,0,0
攀高pangao 颈椎治疗仪PG-2601C (低频 枕式) 1台 家用多功能理疗仪器 枕式牵引器,医药保健--保健器械--理疗仪,0,0
经立通脉冲针灸理疗仪颈椎肩周腰间盘突出治疗仪家用多功能按摩器905,医药保健--保健器械--理疗仪,0,0
佳禾空气波压力理疗仪医用家用静脉曲张腿部按摩器静脉血栓治疗仪【主机+双套筒】,医药保健--保健器械--理疗仪,0,0
川木颈椎治疗仪颈椎病按摩器枕头中频理疗仪肩周炎治疗机家用医用,医药保健--保健器械--理疗仪,0,0
王太医 远红外线理疗仪神灯美容理疗灯红光电烤灯泡家用医用理疗器 台式,医药保健--保健器械--理疗仪,0,0
华伦弘力 红外线保健器 HLH-1 台式 理疗仪（器械） 四肢关节 理疗仪,医药保健--保健器械--理疗仪,0,0
【赠礼】可孚针灸理疗仪家用多功能疏通缓解经络医院美容院按摩器脉冲理疗男女其他医用全身低中频理疗仪Cofoe,医药保健--保健器械--理疗仪,0,0
佳禾空气波压力理疗仪医用家用静脉曲张腿部按摩器静脉血栓治疗仪【主机+单上肢+双下肢】,医药保健--保健器械--理疗仪,0,0
佳禾空气波压力理疗仪医用家用静脉曲张腿部按摩器静脉血栓治疗仪【主机+单上肢+单下肢】,医药保健--保健器械--理疗仪,0,0
佳禾空气波压力理疗仪医用家用静脉曲张腿部按摩器静脉血栓治疗仪【主机+五套筒】,医药保健--保健器械--理疗仪,0,0
佳禾空气波压力理疗仪医用家用静脉曲张腿部按摩器静脉血栓治疗仪【主机+单上肢+双下肢+腰部】,医药保健--保健器械--理疗仪,0,0
华络hualuojk.com疼痛治疗仪 颈椎 腰间盘突出治疗仪 肩部腿部风湿关节炎理疗仪 家用医用按摩器YQ-D401,医药保健--保健器械--理疗仪,0,0
王太医 颈椎治疗仪颈椎病按摩器家用热敷枕头牵引颈部腰椎腰间盘突出理疗仪,医药保健--保健器械--理疗仪,0,0
佳禾空气波压力理疗仪医用家用静脉曲张腿部按摩器静脉血栓治疗仪【主机+单下肢+腰部】,医药保健--保健器械--理疗仪,0,0
佳禾空气波压力理疗仪医用家用静脉曲张腿部按摩器静脉血栓治疗仪【主机+三套筒】,医药保健--保健器械--理疗仪,0,0
佳禾空气波压力理疗仪医用家用静脉曲张腿部按摩器静脉血栓治疗仪【主机+单上肢+单下肢+腰部】,医药保健--保健器械--理疗仪,0,0
左点 半导体激光治疗仪三高糖尿病治疗仪降血压血糖血脂腕表式家用中老年人净血降压理疗仪器,医药保健--保健器械--理疗仪,0,0
全日康 电脑低中频理疗仪治疗仪家用 J18A2型 肩周炎颈椎腰腿痛理疗仪,医药保健--保健器械--理疗仪,0,0
侨芯 中频治疗仪 家用经络通 多功能低中频颈椎腰椎腰间盘突出电子脉冲针灸医用光波康复理疗仪,医药保健--保健器械--理疗仪,0,0
XIANG YOU祥友中频理疗仪按摩家用多功能疏通经络肩周炎腰椎间盘突出颈椎治疗器低中频理疗仪,医药保健--保健器械--理疗仪,0,0
周林频谱仪理疗仪WS-301家用颈椎腰椎关节炎症电磁波治疗仪,医药保健--保健器械--理疗仪,0,0
高博士(GAO BO SHI)肠道水疗仪灌肠清肠用品便秘排便清宿便适用部位腰部理疗仪辅按摩手法标配版（自带一套水疗盒),医药保健--保健器械--理疗仪,0,0
攀高 低频理疗仪PG-2602B 家用多功能颈椎腰椎脉冲电疗按摩理疗仪 pangao 低中频理疗仪 四肢关节,医药保健--保健器械--理疗仪,0,0
羊城牌 场效应理疗仪 YC-EOⅢB型 1台 肩周炎按摩器颈椎病腰 磁疗 红外线,医药保健--保健器械--理疗仪,0,0
诺仪 中频综合治疗仪JQ-867 颈椎病腰椎病关节炎经络穴位多功能理疗仪器 家用 医用辅助理疗仪,医药保健--保健器械--理疗仪,0,0
空气波压力理疗仪医用治疗仪静脉曲张腿部按摩器家用按摩仪中风偏瘫康复按摩器主机+双上肢+双下肢+腰部,医药保健--保健器械--理疗仪,0,0
空气波压力理疗仪医用治疗仪静脉曲张腿部按摩器家用按摩仪中风偏瘫康复按摩器主机+单上肢,医药保健--保健器械--理疗仪,0,0
高博士(GAO BO SHI) 肠道水疗仪灌肠清肠用品便秘排便清宿便 大肠水疗仪家用,医药保健--保健器械--理疗仪,0,0
王太医大肠道水疗仪老人便秘排便器阴道护理洗肠其他家用清肠灌肠通便,医药保健--保健器械--理疗仪,0,0
松和(SONGHE) 气血循环机 多功能按摩器足疗养生机 有线遥控+安全扶手,医药保健--保健器械--理疗仪,0,0
松和(SONGHE) 气血循环机 多功能按摩器足疗养生机 无线遥控+安全扶手,医药保健--保健器械--理疗仪,0,0
长坤 近视治疗仪 中频眼部儿童视力恢复仪 近视按摩仪 搭配儿童蓝莓叶黄素,医药保健--保健器械--理疗仪,0,0
神灯理疗仪家用医用多功能特定电磁波器tdp远红外线烤灯,医药保健--保健器械--理疗仪,0,0
神灯治疗仪电磁波红外线理疗灯烤灯颈椎腰椎肩部腿部风湿关节炎肩周tdp烤电理疗仪家用 CQ-29N电磁波,医药保健--保健器械--理疗仪,0,0
快舒尔 胰岛素注射笔无针注射器糖尿病注射笔专用耗材（仅耗材无主机）下单请备注耗材型号A/B,医药保健--保健器械--理疗仪,0,0
中频理疗仪家用腰椎间盘突出颈椎肩周炎脉冲治疗器腰痛腰肌劳损,医药保健--保健器械--理疗仪,0,0
中频理疗仪家用腰椎间盘突出颈椎肩周炎脉冲治疗器腰痛腰肌劳损,医药保健--保健器械--理疗仪,0,0
攀高(PANGAO)按摩器 家用数码经络按摩仪 迷你按摩器 家用多功能 按摩 针灸 刮痧 按摩 敲击 PG-2602A,医药保健--保健器械--理疗仪,0,0
仙鹤 TDP特定电磁波治疗器 理疗灯电烤灯 治疗仪 CQ-29P立式大头,医药保健--保健器械--理疗仪,0,0
享全健中频理疗仪家用多功能治疗仪颈椎治疗器腰椎肩周炎按摩器,医药保健--保健器械--理疗仪,0,0
长坤 近视治疗仪 中频眼部儿童视力恢复仪 近视按摩仪 送儿童蓝莓叶黄素,医药保健--保健器械--理疗仪,0,0
低中频理疗仪家用多功能脉冲电疗针灸按摩颈椎腰椎,医药保健--保健器械--理疗仪,0,0
仙鹤 TDP特定电磁波治疗器 理疗灯电烤灯 治疗仪 CQ-29立式大头,医药保健--保健器械--理疗仪,0,0
神灯理疗仪家用医用多功能特定电磁波器tdp远红外线烤灯,医药保健--保健器械--理疗仪,0,0
诺仪坐灸仪家用恒温无烟艾灸仪坐灸凳坐熏桶温灸器具炙疗养生仪 养生馆同款,医药保健--保健器械--理疗仪,0,0
诺诚 肌电生物反馈仪 偏瘫 脑瘫 康复治疗仪 肌电生物反馈仪,医药保健--保健器械--理疗仪,0,0
仙鹤 飞利浦牌 红外线灯泡 理疗灯泡 150W,医药保健--保健器械--理疗仪,0,0
享全健家用中频激光多功能治疗仪 颈椎腰痛数码经络通理疗仪医用家用中频治疗仪 标配,医药保健--保健器械--理疗仪,0,0
讯丰通 盆底肌训练仪 盆底肌肉治疗康复仪 尿失禁 阴道收缩 子宫脱垂 XFT-0010,医药保健--保健器械--理疗仪,0,0
诺仪中频经络通治疗仪 中频家用医用颈椎病关节炎理疗仪按摩仪器 铝合金包装 机身大功率大 配件多,医药保健--保健器械--理疗仪,0,0
全健中频激光综合治疗仪 半导体激光治疗仪激光理疗仪针灸按摩,医药保健--保健器械--理疗仪,0,0
中频理疗仪家用多功能电子针灸经络治疗仪颈椎腰椎间盘突出治疗器,医药保健--保健器械--理疗仪,0,0
欧姆龙HV-F128 家用电疗按摩器腰部肌肉酸痛理疗仪,医药保健--保健器械--理疗仪,0,0
TDP特定电磁波治疗器CQ-36烤灯神灯家用仪电烤灯理疗仪立式双头医用红外线理疗神灯治疗仪,医药保健--保健器械--理疗仪,0,0
神灯治疗仪TDP特定电磁波治疗器 远红外线理疗灯电烤灯CQ-23M家用理疗仪立式大头,医药保健--保健器械--理疗仪,0,0
【锌合金专业】 可孚单用听诊器 HS-30C家用医用专业钟形听筒铝合金听宝宝心跳听血压脉搏听诊器胎心双听管锌合金,医药保健--保健器械--理疗仪,0,0
川木腰椎治疗仪第二代 腰椎间盘腰间盘突出牵引按摩器 腰椎治疗仪+腰椎牵引器,医药保健--保健器械--理疗仪,0,0
川木（chuanmu） 川木二代颈椎低中频治疗仪 护颈磁疗脉冲按摩仪器 家用颈椎牵引器,医药保健--保健器械--理疗仪,0,0
仙鹤 飞利浦牌 红外线灯泡 理疗灯泡 100W,医药保健--保健器械--理疗仪,0,0
可孚数码经络治疗仪低中频电子脉冲治疗仪HYS-659,医药保健--保健器械--理疗仪,0,0
华络疼痛治疗仪 电疗贴片,医药保健--保健器械--理疗仪,0,0
高博士中频治疗仪颈椎治疗仪中频中风偏瘫康复器材缓解宝,医药保健--保健器械--理疗仪,0,0
诺仪坐灸仪家用恒温无烟艾灸仪坐灸凳坐熏桶温灸器具炙疗养生仪,医药保健--保健器械--理疗仪,0,0
周林频谱仪WS-101家用保健治疗仪颈椎腰椎烤电烤灯频谱理疗仪,医药保健--保健器械--理疗仪,0,0
华伦 特定电磁波(TDP)治疗器 CQJ-25B 紫色 (数显) 1台 理疗仪（器械） 四肢关节,医药保健--保健器械--理疗仪,0,0
左点 光大夫鼻炎治疗仪半导体家用急慢性过敏性咽鼻炎理疗仪气管炎症红光康复理疗仪器 标准版(含双头激光头),医药保健--保健器械--理疗仪,0,0
王太医神灯治疗仪电磁波烤灯理疗仪（器械） 台式CQ-15高度55cm可旋转,医药保健--保健器械--理疗仪,0,0
左点 神灯治疗仪 TDP特定电磁波谱治疗器 远红外线家用颈椎腰椎腿部理疗灯 立式二合一,医药保健--保健器械--理疗仪,0,0
左点 光大夫鼻炎治疗仪半导体家用急慢性过敏性咽鼻炎理疗仪气管炎症红光康复理疗仪器 旗舰版(主机+单头+双头激光头),医药保健--保健器械--理疗仪,0,0
左点 妇科治疗仪红光理疗仪 妇科炎症家用多功能弱激光震动按摩仪器 女性护理仪 官方标配,医药保健--保健器械--理疗仪,0,0
羊城牌场效应理疗仪YC-EOIIB型 颈肩腰腿镇痛按摩理疗仪 理疗仪（器械） 四肢关节,医药保健--保健器械--理疗仪,0,0
周林频谱仪ws311板式 家用频谱理疗仪器烤电烤灯颈椎病腰椎治疗仪带支架,医药保健--保健器械--理疗仪,0,0
视得宝 智能性多功能弱视理疗仪视力恢复训练仪 新402双目VP-4S(适用于中重度弱视),医药保健--保健器械--理疗仪,0,0
全日康 中频治疗仪 J18A1型 肩周炎颈椎病腰椎病理疗仪,医药保健--保健器械--理疗仪,0,0
攀高(pangao)亮晶晶微电脑按摩眼镜 PG-2404B揉捏眼部,医药保健--保健器械--理疗仪,0,0
享全键中频激光治疗仪配件远红外海绵发热电极药物离子导入电热宝,医药保健--保健器械--理疗仪,0,0
侨心 微电脑经络通中频治疗仪 家用医用多功能光波康复理疗仪电子脉冲针灸电疗按摩仪器,医药保健--保健器械--理疗仪,0,0
侨芯侨健理疗电极片电脑中频治疗仪贴片2.0接口低频脉冲电疗仪自粘贴按摩仪粘片6*9cm,医药保健--保健器械--理疗仪,0,0
鼻炎治疗仪激光净血仪家用半导体手腕表式激光理疗仪,医药保健--保健器械--理疗仪,0,0
中频激光综合治疗仪 颈椎病腰椎肩周炎关节理疗仪家用脑部按摩器,医药保健--保健器械--理疗仪,0,0
手雷电极手握电极手疗电极棒通用治疗仪理疗仪插针式配件手柄手球,医药保健--保健器械--理疗仪,0,0
中频理疗仪按摩家用多功能疏通经络肩周炎颈椎腰椎间盘突出治疗器,医药保健--保健器械--理疗仪,0,0
讯丰通 盆底肌训练仪 盆底肌肉治疗康复仪 阴道收缩 子宫脱垂 XFT-0010,医药保健--保健器械--理疗仪,0,0
华伦 特定电磁波(TDP)理疗仪专用加热器 高耐久型 1台,医药保健--保健器械--理疗仪,0,0
佳禾空气波压力理疗仪按摩仪腿部按摩器静脉曲张按摩器气压循环仪,医药保健--保健器械--理疗仪,0,0
空气波压力理疗仪医用治疗仪静脉曲张腿部按摩器家用按摩仪中风偏瘫康复按摩器主机+腰部,医药保健--保健器械--理疗仪,0,0
佳禾空气波压力理疗仪医用静脉曲张腿部按摩器家用气压理疗仪主机加单上肢加腰,医药保健--保健器械--理疗仪,0,0
國仁 神灯tdp红外线治疗器烤电理疗仪家用远医用医疗多功能红光烤灯 双头烤灯TDPL-I-4,医药保健--保健器械--理疗仪,0,0
空气波压力理疗仪医用治疗仪静脉曲张腿部按摩器家用按摩仪中风偏瘫康复按摩器主机+双上肢,医药保健--保健器械--理疗仪,0,0
诺尔贝斯（NEBS）前列腺家用治疗仪 N2 前列腺理疗仪 前列腺增生肥大 慢性炎 尿频尿急 男科按摩器 单独仪器探头,医药保健--保健器械--理疗仪,0,0
美得（MEIDEMED）前列腺家用治疗仪 M7 前列腺理疗仪 前列腺增生肥大 慢性炎 尿频尿急 男科按摩器 单独仪器探头,医药保健--保健器械--理疗仪,0,0
佳禾空气波压力理疗仪医用腿部静脉曲张按摩器家用静脉血栓理疗仪 主机加双下肢加腰,医药保健--保健器械--理疗仪,0,0
佳禾空气波压力理疗仪医用静脉曲张腿部按摩器家用气压理疗仪主机加双下肢加单上肢,医药保健--保健器械--理疗仪,0,0
佳禾空气波压力理疗仪医用静脉曲张腿部按摩器家用气压理疗仪主机加单上肢,医药保健--保健器械--理疗仪,0,0
佳禾空气波压力理疗仪医用腿部静脉曲张按摩器家用静脉血栓理疗仪 主机加单下肢加双上肢加腰,医药保健--保健器械--理疗仪,0,0
佳禾空气波压力理疗仪医用腿部按摩器静脉曲张家用静脉血栓仪,医药保健--保健器械--理疗仪,0,0
佳禾空气波压力理疗仪医用静脉曲张腿部按摩器家用气压理疗仪主机加双上肢加腰,医药保健--保健器械--理疗仪,0,0
佳禾空气波压力理疗仪医用腿部静脉曲张按摩器家用静脉血栓理疗仪 主机加双下肢加单上肢,医药保健--保健器械--理疗仪,0,0
三特(sante)牌中频治疗仪VT91A 家用医用多功能颈椎按摩器 腰椎间盘突出通用理疗仪,医药保健--保健器械--理疗仪,0,0
诺尔贝斯（NEBS）前列腺家用治疗仪 N2 前列腺理疗仪 前列腺增生肥大 慢性炎 尿频尿急 尿潴留 按摩仪器医用家用正品,医药保健--保健器械--理疗仪,0,0
佳禾空气波压力理疗仪医用腿部静脉曲张按摩器家用静脉血栓理疗仪 主机加单上肢加腰,医药保健--保健器械--理疗仪,0,0
佳禾空气波压力理疗仪医用家用静脉曲张腿部按摩器静脉血栓治疗仪【主机+双上肢+腰部】,医药保健--保健器械--理疗仪,0,0
佳禾空气波压力理疗仪医用腿部静脉曲张按摩器家用静脉血栓理疗仪 主机加单下肢加双上肢,医药保健--保健器械--理疗仪,0,0
空气波压力理疗仪医用治疗仪静脉曲张腿部按摩器家用按摩仪中风偏瘫康复按摩器主机+腰部+双下肢,医药保健--保健器械--理疗仪,0,0
佳禾空气波压力理疗仪医用腿部静脉曲张按摩器家用静脉血栓理疗仪 主机加双下肢加单上肢加腰,医药保健--保健器械--理疗仪,0,0
佳禾空气波压力理疗仪医用腿部静脉曲张按摩器家用静脉血栓理疗仪 主机加单下肢,医药保健--保健器械--理疗仪,0,0
佳禾空气波压力理疗仪医用静脉曲张腿部按摩器家用气压理疗仪主机加单下肢加单上肢加腰,医药保健--保健器械--理疗仪,0,0
高博士(GAO BO SHI)肠道水疗仪灌肠清肠用品便秘排便清宿便适用部位腰部理疗仪标配版（带一套水疗盒+两套水疗盒）,医药保健--保健器械--理疗仪,0,0
佳禾空气波压力理疗仪医用腿部静脉曲张按摩器家用静脉血栓理疗仪 主机加单下肢加单上肢,医药保健--保健器械--理疗仪,0,0
佳禾空气波压力理疗仪医用家用静脉曲张腿部按摩器静脉血栓治疗仪【主机+单套筒】,医药保健--保健器械--理疗仪,0,0
佳禾空气波压力理疗仪医用静脉曲张腿部按摩器家用气压理疗仪主机加单下肢加腰,医药保健--保健器械--理疗仪,0,0
享全健中频治疗仪 家用多功能关节炎腰椎间盘突出理疗仪按摩仪器,医药保健--保健器械--理疗仪,0,0
王太医红外线理疗仪神灯治疗仪理疗灯烤灯 HYW-15台式,医药保健--保健器械--理疗仪,0,0
佳禾空气波压力理疗仪医用家用腿部静脉曲张按摩器静脉血栓治疗仪【主机+单上肢】,医药保健--保健器械--理疗仪,0,0
华络hualuojk.com鼻炎治疗仪 面瘫 失眠理疗仪 前列腺治疗低频头疼痛按摩仪器YQ-D0101,医药保健--保健器械--理疗仪,0,0
王太医 远红外线理疗仪神灯美容理疗灯红光电烤灯泡家用医用理疗器 立式,医药保健--保健器械--理疗仪,0,0
佳禾空气波压力理疗仪医用家用静脉曲张腿部按摩器静脉血栓治疗仪【主机+单下肢】,医药保健--保健器械--理疗仪,0,0
诺仪 中频综合治疗仪 JQ-867 颈椎病腰肌劳损关节炎经络多功能家用医用理疗仪按摩仪器,医药保健--保健器械--理疗仪,0,0
享全健中频激光综合治疗仪 家用多功能关节炎脉冲经络通理疗仪,医药保健--保健器械--理疗仪,0,0
仙鹤牌神灯治疗仪CQ-61P 烤灯理疗仪 家用医用多功能肩周炎治疗器,医药保健--保健器械--理疗仪,0,0
攀高pangao 颈椎治疗仪PG-2601C (低频 枕式) 1台 家用多功能理疗仪器 枕式牵引器,医药保健--保健器械--理疗仪,0,0
经立通脉冲针灸理疗仪颈椎肩周腰间盘突出治疗仪家用多功能按摩器905,医药保健--保健器械--理疗仪,0,0
佳禾空气波压力理疗仪医用家用静脉曲张腿部按摩器静脉血栓治疗仪【主机+双套筒】,医药保健--保健器械--理疗仪,0,0
川木颈椎治疗仪颈椎病按摩器枕头中频理疗仪肩周炎治疗机家用医用,医药保健--保健器械--理疗仪,0,0
王太医 远红外线理疗仪神灯美容理疗灯红光电烤灯泡家用医用理疗器 台式,医药保健--保健器械--理疗仪,0,0
华伦弘力 红外线保健器 HLH-1 台式 理疗仪（器械） 四肢关节 理疗仪,医药保健--保健器械--理疗仪,0,0
【赠礼】可孚针灸理疗仪家用多功能疏通缓解经络医院美容院按摩器脉冲理疗男女其他医用全身低中频理疗仪Cofoe,医药保健--保健器械--理疗仪,0,0
佳禾空气波压力理疗仪医用家用静脉曲张腿部按摩器静脉血栓治疗仪【主机+单上肢+双下肢】,医药保健--保健器械--理疗仪,0,0
佳禾空气波压力理疗仪医用家用静脉曲张腿部按摩器静脉血栓治疗仪【主机+单上肢+单下肢】,医药保健--保健器械--理疗仪,0,0
佳禾空气波压力理疗仪医用家用静脉曲张腿部按摩器静脉血栓治疗仪【主机+五套筒】,医药保健--保健器械--理疗仪,0,0
佳禾空气波压力理疗仪医用家用静脉曲张腿部按摩器静脉血栓治疗仪【主机+单上肢+双下肢+腰部】,医药保健--保健器械--理疗仪,0,0
华络hualuojk.com疼痛治疗仪 颈椎 腰间盘突出治疗仪 肩部腿部风湿关节炎理疗仪 家用医用按摩器YQ-D401,医药保健--保健器械--理疗仪,0,0
王太医 颈椎治疗仪颈椎病按摩器家用热敷枕头牵引颈部腰椎腰间盘突出理疗仪,医药保健--保健器械--理疗仪,0,0
佳禾空气波压力理疗仪医用家用静脉曲张腿部按摩器静脉血栓治疗仪【主机+单下肢+腰部】,医药保健--保健器械--理疗仪,0,0
佳禾空气波压力理疗仪医用家用静脉曲张腿部按摩器静脉血栓治疗仪【主机+三套筒】,医药保健--保健器械--理疗仪,0,0
佳禾空气波压力理疗仪医用家用静脉曲张腿部按摩器静脉血栓治疗仪【主机+单上肢+单下肢+腰部】,医药保健--保健器械--理疗仪,0,0
左点 半导体激光治疗仪三高糖尿病治疗仪降血压血糖血脂腕表式家用中老年人净血降压理疗仪器,医药保健--保健器械--理疗仪,0,0
全日康 电脑低中频理疗仪治疗仪家用 J18A2型 肩周炎颈椎腰腿痛理疗仪,医药保健--保健器械--理疗仪,0,0
侨芯 中频治疗仪 家用经络通 多功能低中频颈椎腰椎腰间盘突出电子脉冲针灸医用光波康复理疗仪,医药保健--保健器械--理疗仪,0,0
XIANG YOU祥友中频理疗仪按摩家用多功能疏通经络肩周炎腰椎间盘突出颈椎治疗器低中频理疗仪,医药保健--保健器械--理疗仪,0,0
周林频谱仪理疗仪WS-301家用颈椎腰椎关节炎症电磁波治疗仪,医药保健--保健器械--理疗仪,0,0
高博士(GAO BO SHI)肠道水疗仪灌肠清肠用品便秘排便清宿便适用部位腰部理疗仪辅按摩手法标配版（自带一套水疗盒),医药保健--保健器械--理疗仪,0,0
攀高 低频理疗仪PG-2602B 家用多功能颈椎腰椎脉冲电疗按摩理疗仪 pangao 低中频理疗仪 四肢关节,医药保健--保健器械--理疗仪,0,0
羊城牌 场效应理疗仪 YC-EOⅢB型 1台 肩周炎按摩器颈椎病腰 磁疗 红外线,医药保健--保健器械--理疗仪,0,0
诺仪 中频综合治疗仪JQ-867 颈椎病腰椎病关节炎经络穴位多功能理疗仪器 家用 医用辅助理疗仪,医药保健--保健器械--理疗仪,0,0
空气波压力理疗仪医用治疗仪静脉曲张腿部按摩器家用按摩仪中风偏瘫康复按摩器主机+双上肢+双下肢+腰部,医药保健--保健器械--理疗仪,0,0
空气波压力理疗仪医用治疗仪静脉曲张腿部按摩器家用按摩仪中风偏瘫康复按摩器主机+单上肢,医药保健--保健器械--理疗仪,0,0
高博士(GAO BO SHI) 肠道水疗仪灌肠清肠用品便秘排便清宿便 大肠水疗仪家用,医药保健--保健器械--理疗仪,0,0
王太医大肠道水疗仪老人便秘排便器阴道护理洗肠其他家用清肠灌肠通便,医药保健--保健器械--理疗仪,0,0
松和(SONGHE) 气血循环机 多功能按摩器足疗养生机 有线遥控+安全扶手,医药保健--保健器械--理疗仪,0,0
松和(SONGHE) 气血循环机 多功能按摩器足疗养生机 无线遥控+安全扶手,医药保健--保健器械--理疗仪,0,0
长坤 近视治疗仪 中频眼部儿童视力恢复仪 近视按摩仪 搭配儿童蓝莓叶黄素,医药保健--保健器械--理疗仪,0,0
神灯理疗仪家用医用多功能特定电磁波器tdp远红外线烤灯,医药保健--保健器械--理疗仪,0,0
神灯治疗仪电磁波红外线理疗灯烤灯颈椎腰椎肩部腿部风湿关节炎肩周tdp烤电理疗仪家用 CQ-29N电磁波,医药保健--保健器械--理疗仪,0,0
快舒尔 胰岛素注射笔无针注射器糖尿病注射笔专用耗材（仅耗材无主机）下单请备注耗材型号A/B,医药保健--保健器械--理疗仪,0,0
中频理疗仪家用腰椎间盘突出颈椎肩周炎脉冲治疗器腰痛腰肌劳损,医药保健--保健器械--理疗仪,0,0
中频理疗仪家用腰椎间盘突出颈椎肩周炎脉冲治疗器腰痛腰肌劳损,医药保健--保健器械--理疗仪,0,0
攀高(PANGAO)按摩器 家用数码经络按摩仪 迷你按摩器 家用多功能 按摩 针灸 刮痧 按摩 敲击 PG-2602A,医药保健--保健器械--理疗仪,0,0
仙鹤 TDP特定电磁波治疗器 理疗灯电烤灯 治疗仪 CQ-29P立式大头,医药保健--保健器械--理疗仪,0,0
享全健中频理疗仪家用多功能治疗仪颈椎治疗器腰椎肩周炎按摩器,医药保健--保健器械--理疗仪,0,0
长坤 近视治疗仪 中频眼部儿童视力恢复仪 近视按摩仪 送儿童蓝莓叶黄素,医药保健--保健器械--理疗仪,0,0
低中频理疗仪家用多功能脉冲电疗针灸按摩颈椎腰椎,医药保健--保健器械--理疗仪,0,0
仙鹤 TDP特定电磁波治疗器 理疗灯电烤灯 治疗仪 CQ-29立式大头,医药保健--保健器械--理疗仪,0,0
神灯理疗仪家用医用多功能特定电磁波器tdp远红外线烤灯,医药保健--保健器械--理疗仪,0,0
诺仪坐灸仪家用恒温无烟艾灸仪坐灸凳坐熏桶温灸器具炙疗养生仪 养生馆同款,医药保健--保健器械--理疗仪,0,0
诺诚 肌电生物反馈仪 偏瘫 脑瘫 康复治疗仪 肌电生物反馈仪,医药保健--保健器械--理疗仪,0,0
仙鹤 飞利浦牌 红外线灯泡 理疗灯泡 150W,医药保健--保健器械--理疗仪,0,0
享全健家用中频激光多功能治疗仪 颈椎腰痛数码经络通理疗仪医用家用中频治疗仪 标配,医药保健--保健器械--理疗仪,0,0
讯丰通 盆底肌训练仪 盆底肌肉治疗康复仪 尿失禁 阴道收缩 子宫脱垂 XFT-0010,医药保健--保健器械--理疗仪,0,0
诺仪中频经络通治疗仪 中频家用医用颈椎病关节炎理疗仪按摩仪器 铝合金包装 机身大功率大 配件多,医药保健--保健器械--理疗仪,0,0
全健中频激光综合治疗仪 半导体激光治疗仪激光理疗仪针灸按摩,医药保健--保健器械--理疗仪,0,0
中频理疗仪家用多功能电子针灸经络治疗仪颈椎腰椎间盘突出治疗器,医药保健--保健器械--理疗仪,0,0
欧姆龙HV-F128 家用电疗按摩器腰部肌肉酸痛理疗仪,医药保健--保健器械--理疗仪,0,0
TDP特定电磁波治疗器CQ-36烤灯神灯家用仪电烤灯理疗仪立式双头医用红外线理疗神灯治疗仪,医药保健--保健器械--理疗仪,0,0
神灯治疗仪TDP特定电磁波治疗器 远红外线理疗灯电烤灯CQ-23M家用理疗仪立式大头,医药保健--保健器械--理疗仪,0,0
【锌合金专业】 可孚单用听诊器 HS-30C家用医用专业钟形听筒铝合金听宝宝心跳听血压脉搏听诊器胎心双听管锌合金,医药保健--保健器械--理疗仪,0,0
川木腰椎治疗仪第二代 腰椎间盘腰间盘突出牵引按摩器 腰椎治疗仪+腰椎牵引器,医药保健--保健器械--理疗仪,0,0
川木（chuanmu） 川木二代颈椎低中频治疗仪 护颈磁疗脉冲按摩仪器 家用颈椎牵引器,医药保健--保健器械--理疗仪,0,0
仙鹤 飞利浦牌 红外线灯泡 理疗灯泡 100W,医药保健--保健器械--理疗仪,0,0
可孚数码经络治疗仪低中频电子脉冲治疗仪HYS-659,医药保健--保健器械--理疗仪,0,0
华络疼痛治疗仪 电疗贴片,医药保健--保健器械--理疗仪,0,0
高博士中频治疗仪颈椎治疗仪中频中风偏瘫康复器材缓解宝,医药保健--保健器械--理疗仪,0,0
诺仪坐灸仪家用恒温无烟艾灸仪坐灸凳坐熏桶温灸器具炙疗养生仪,医药保健--保健器械--理疗仪,0,0
周林频谱仪WS-101家用保健治疗仪颈椎腰椎烤电烤灯频谱理疗仪,医药保健--保健器械--理疗仪,0,0
华伦 特定电磁波(TDP)治疗器 CQJ-25B 紫色 (数显) 1台 理疗仪（器械） 四肢关节,医药保健--保健器械--理疗仪,0,0
左点 光大夫鼻炎治疗仪半导体家用急慢性过敏性咽鼻炎理疗仪气管炎症红光康复理疗仪器 标准版(含双头激光头),医药保健--保健器械--理疗仪,0,0
王太医神灯治疗仪电磁波烤灯理疗仪（器械） 台式CQ-15高度55cm可旋转,医药保健--保健器械--理疗仪,0,0
左点 神灯治疗仪 TDP特定电磁波谱治疗器 远红外线家用颈椎腰椎腿部理疗灯 立式二合一,医药保健--保健器械--理疗仪,0,0
左点 光大夫鼻炎治疗仪半导体家用急慢性过敏性咽鼻炎理疗仪气管炎症红光康复理疗仪器 旗舰版(主机+单头+双头激光头),医药保健--保健器械--理疗仪,0,0
左点 妇科治疗仪红光理疗仪 妇科炎症家用多功能弱激光震动按摩仪器 女性护理仪 官方标配,医药保健--保健器械--理疗仪,0,0
羊城牌场效应理疗仪YC-EOIIB型 颈肩腰腿镇痛按摩理疗仪 理疗仪（器械） 四肢关节,医药保健--保健器械--理疗仪,0,0
周林频谱仪ws311板式 家用频谱理疗仪器烤电烤灯颈椎病腰椎治疗仪带支架,医药保健--保健器械--理疗仪,0,0
视得宝 智能性多功能弱视理疗仪视力恢复训练仪 新402双目VP-4S(适用于中重度弱视),医药保健--保健器械--理疗仪,0,0
全日康 中频治疗仪 J18A1型 肩周炎颈椎病腰椎病理疗仪,医药保健--保健器械--理疗仪,0,0
攀高(pangao)亮晶晶微电脑按摩眼镜 PG-2404B揉捏眼部,医药保健--保健器械--理疗仪,0,0
享全键中频激光治疗仪配件远红外海绵发热电极药物离子导入电热宝,医药保健--保健器械--理疗仪,0,0
侨心 微电脑经络通中频治疗仪 家用医用多功能光波康复理疗仪电子脉冲针灸电疗按摩仪器,医药保健--保健器械--理疗仪,0,0
侨芯侨健理疗电极片电脑中频治疗仪贴片2.0接口低频脉冲电疗仪自粘贴按摩仪粘片6*9cm,医药保健--保健器械--理疗仪,0,0
鼻炎治疗仪激光净血仪家用半导体手腕表式激光理疗仪,医药保健--保健器械--理疗仪,0,0
中频激光综合治疗仪 颈椎病腰椎肩周炎关节理疗仪家用脑部按摩器,医药保健--保健器械--理疗仪,0,0
手雷电极手握电极手疗电极棒通用治疗仪理疗仪插针式配件手柄手球,医药保健--保健器械--理疗仪,0,0
中频理疗仪按摩家用多功能疏通经络肩周炎颈椎腰椎间盘突出治疗器,医药保健--保健器械--理疗仪,0,0
讯丰通 盆底肌训练仪 盆底肌肉治疗康复仪 阴道收缩 子宫脱垂 XFT-0010,医药保健--保健器械--理疗仪,0,0
华伦 特定电磁波(TDP)理疗仪专用加热器 高耐久型 1台,医药保健--保健器械--理疗仪,0,0
佳禾空气波压力理疗仪按摩仪腿部按摩器静脉曲张按摩器气压循环仪,医药保健--保健器械--理疗仪,0,0
空气波压力理疗仪医用治疗仪静脉曲张腿部按摩器家用按摩仪中风偏瘫康复按摩器主机+腰部,医药保健--保健器械--理疗仪,0,0
佳禾空气波压力理疗仪医用静脉曲张腿部按摩器家用气压理疗仪主机加单上肢加腰,医药保健--保健器械--理疗仪,0,0
國仁 神灯tdp红外线治疗器烤电理疗仪家用远医用医疗多功能红光烤灯 双头烤灯TDPL-I-4,医药保健--保健器械--理疗仪,0,0
空气波压力理疗仪医用治疗仪静脉曲张腿部按摩器家用按摩仪中风偏瘫康复按摩器主机+双上肢,医药保健--保健器械--理疗仪,0,0
诺尔贝斯（NEBS）前列腺家用治疗仪 N2 前列腺理疗仪 前列腺增生肥大 慢性炎 尿频尿急 男科按摩器 单独仪器探头,医药保健--保健器械--理疗仪,0,0
美得（MEIDEMED）前列腺家用治疗仪 M7 前列腺理疗仪 前列腺增生肥大 慢性炎 尿频尿急 男科按摩器 单独仪器探头,医药保健--保健器械--理疗仪,0,0
佳禾空气波压力理疗仪医用腿部静脉曲张按摩器家用静脉血栓理疗仪 主机加双下肢加腰,医药保健--保健器械--理疗仪,0,0
佳禾空气波压力理疗仪医用静脉曲张腿部按摩器家用气压理疗仪主机加双下肢加单上肢,医药保健--保健器械--理疗仪,0,0
佳禾空气波压力理疗仪医用静脉曲张腿部按摩器家用气压理疗仪主机加单上肢,医药保健--保健器械--理疗仪,0,0
佳禾空气波压力理疗仪医用腿部静脉曲张按摩器家用静脉血栓理疗仪 主机加单下肢加双上肢加腰,医药保健--保健器械--理疗仪,0,0
佳禾空气波压力理疗仪医用腿部按摩器静脉曲张家用静脉血栓仪,医药保健--保健器械--理疗仪,0,0
佳禾空气波压力理疗仪医用静脉曲张腿部按摩器家用气压理疗仪主机加双上肢加腰,医药保健--保健器械--理疗仪,0,0
佳禾空气波压力理疗仪医用腿部静脉曲张按摩器家用静脉血栓理疗仪 主机加双下肢加单上肢,医药保健--保健器械--理疗仪,0,0
三特(sante)牌中频治疗仪VT91A 家用医用多功能颈椎按摩器 腰椎间盘突出通用理疗仪,医药保健--保健器械--理疗仪,0,0
诺尔贝斯（NEBS）前列腺家用治疗仪 N2 前列腺理疗仪 前列腺增生肥大 慢性炎 尿频尿急 尿潴留 按摩仪器医用家用正品,医药保健--保健器械--理疗仪,0,0
佳禾空气波压力理疗仪医用腿部静脉曲张按摩器家用静脉血栓理疗仪 主机加单上肢加腰,医药保健--保健器械--理疗仪,0,0
佳禾空气波压力理疗仪医用家用静脉曲张腿部按摩器静脉血栓治疗仪【主机+双上肢+腰部】,医药保健--保健器械--理疗仪,0,0
佳禾空气波压力理疗仪医用腿部静脉曲张按摩器家用静脉血栓理疗仪 主机加单下肢加双上肢,医药保健--保健器械--理疗仪,0,0
空气波压力理疗仪医用治疗仪静脉曲张腿部按摩器家用按摩仪中风偏瘫康复按摩器主机+腰部+双下肢,医药保健--保健器械--理疗仪,0,0
佳禾空气波压力理疗仪医用腿部静脉曲张按摩器家用静脉血栓理疗仪 主机加双下肢加单上肢加腰,医药保健--保健器械--理疗仪,0,0
佳禾空气波压力理疗仪医用腿部静脉曲张按摩器家用静脉血栓理疗仪 主机加单下肢,医药保健--保健器械--理疗仪,0,0
佳禾空气波压力理疗仪医用静脉曲张腿部按摩器家用气压理疗仪主机加单下肢加单上肢加腰,医药保健--保健器械--理疗仪,0,0
高博士(GAO BO SHI)肠道水疗仪灌肠清肠用品便秘排便清宿便适用部位腰部理疗仪标配版（带一套水疗盒+两套水疗盒）,医药保健--保健器械--理疗仪,0,0
佳禾空气波压力理疗仪医用腿部静脉曲张按摩器家用静脉血栓理疗仪 主机加单下肢加单上肢,医药保健--保健器械--理疗仪,0,0
佳禾空气波压力理疗仪医用家用静脉曲张腿部按摩器静脉血栓治疗仪【主机+单套筒】,医药保健--保健器械--理疗仪,0,0
佳禾空气波压力理疗仪医用静脉曲张腿部按摩器家用气压理疗仪主机加单下肢加腰,医药保健--保健器械--理疗仪,0,0
佳禾空气波压力理疗仪医用腿部静脉曲张按摩器家用静脉血栓理疗仪 主机加双下肢,医药保健--保健器械--理疗仪,0,0
佳禾空气波压力理疗仪医用家用静脉曲张腿部按摩器静脉血栓治疗仪【主机+双上肢+双下肢+腰部】,医药保健--保健器械--理疗仪,0,0
佳禾空气波压力理疗仪医用腿部静脉曲张按摩器家用静脉血栓理疗仪 主机加单下肢加单上肢加腰,医药保健--保健器械--理疗仪,0,0
佳禾空气波压力理疗仪医用腿部静脉曲张按摩器家用静脉血栓理疗仪 主机加双下肢加双上肢,医药保健--保健器械--理疗仪,0,0
佳禾空气波压力理疗仪按摩仪腿部静脉曲张气压循环仪,医药保健--保健器械--理疗仪,0,0
王太医红外线理疗仪神灯治疗仪理疗灯烤灯 HYW-28立式,医药保健--保健器械--理疗仪,0,0
空气波压力理疗仪医用治疗仪静脉曲张腿部按摩器家用按摩仪中风偏瘫康复按摩器主机+双下肢,医药保健--保健器械--理疗仪,0,0
佳禾空气波压力理疗仪医用静脉曲张腿部按摩器家用气压理疗仪主机加双下肢,医药保健--保健器械--理疗仪,0,0
佳禾空气波压力理疗仪医用静脉曲张腿部按摩器家用气压理疗仪主机加单下肢加双上肢加腰,医药保健--保健器械--理疗仪,0,0
周林频谱仪理疗仪WS-301家用颈椎腰椎关节炎症电磁波治疗仪,医药保健--保健器械--理疗仪,0,0
佳禾空气波压力按摩仪家用老人静脉曲张揉捏小腿部按摩器理疗脚底,医药保健--保健器械--理疗仪,0,0
佳禾空气波压力理疗仪医用家用静脉曲张腿部按摩器静脉血栓治疗仪【主机+双上肢+双下肢】,医药保健--保健器械--理疗仪,0,0
空气波压力理疗仪医用治疗仪静脉曲张腿部按摩器家用按摩仪中风偏瘫康复按摩器主机+单下肢,医药保健--保健器械--理疗仪,0,0
佳禾空气波压力理疗仪医用家用腿部静脉曲张按摩器静脉血栓治疗仪【主机+双上肢+单下肢】,医药保健--保健器械--理疗仪,0,0
佳禾空气波压力理疗仪医用家用静脉曲张腿部按摩器静脉血栓治疗仪【主机+腰部】,医药保健--保健器械--理疗仪,0,0
佳禾空气波压力理疗仪医用静脉曲张腿部按摩器家用气压理疗仪主机加双下肢加单上肢加腰,医药保健--保健器械--理疗仪,0,0
佳禾空气波压力理疗仪医用静脉曲张腿部按摩器家用气压理疗仪主机加腰,医药保健--保健器械--理疗仪,0,0
佳禾空气波压力理疗仪医用家用静脉曲张腿部按摩器静脉血栓治疗仪【主机+四套筒】,医药保健--保健器械--理疗仪,0,0
佳禾空气波压力理疗仪医用腿部静脉曲张按摩器家用静脉血栓理疗仪 主机加双上肢,医药保健--保健器械--理疗仪,0,0
佳禾空气波压力理疗仪医用家用静脉曲张腿部按摩器静脉血栓治疗仪【主机+双上肢+单下肢+腰部】,医药保健--保健器械--理疗仪,0,0
佳禾空气波压力理疗仪医用静脉曲张腿部按摩器家用气压理疗仪主机加双下肢+腰,医药保健--保健器械--理疗仪,0,0
佳禾空气波压力理疗仪医用腿部静脉曲张按摩器家用静脉血栓理疗仪 主机加双上肢加腰,医药保健--保健器械--理疗仪,0,0
佳禾空气波压力理疗仪医用静脉曲张腿部按摩器家用气压理疗仪主机加双下肢加双上肢,医药保健--保健器械--理疗仪,0,0
佳禾空气波压力理疗仪医用腿部静脉曲张按摩器家用静脉血栓理疗仪 主机加双下肢加双上肢加腰,医药保健--保健器械--理疗仪,0,0
佳禾空气波压力理疗仪医用静脉曲张腿部按摩器家用气压理疗仪主机加双下肢加双上肢加腰,医药保健--保健器械--理疗仪,0,0
华络疼痛治疗仪 减肥瘦身 家用多功能 痛经理疗仪 肩周炎颈椎治疗仪,医药保健--保健器械--理疗仪,0,0
佳禾空气波压力理疗仪医用家用静脉曲张腿部按摩器静脉血栓治疗仪【主机+单上肢+腰部】,医药保健--保健器械--理疗仪,0,0
佳禾空气波压力理疗仪医用静脉曲张腿部按摩器家用气压理疗仪主机加单下肢加双上肢,医药保健--保健器械--理疗仪,0,0
佳禾空气波压力理疗仪医用静脉曲张腿部按摩器家用气压理疗仪主机加单下肢加单上肢,医药保健--保健器械--理疗仪,0,0
攀高 颈椎治·疗仪 低频理疗仪 PG-2601B8 环绕行型家用工作旅途理疗按摩 便携易使用 遥控器操作,医药保健--保健器械--理疗仪,0,0
佳禾空气波压力理疗仪医用家用静脉曲张腿部按摩器静脉血栓治疗仪【主机+双上肢】,医药保健--保健器械--理疗仪,0,0
佳禾空气波压力理疗仪医用腿部静脉曲张按摩器家用静脉血栓理疗仪 主机加腰,医药保健--保健器械--理疗仪,0,0
空气波压力理疗仪医用治疗仪静脉曲张腿部按摩器家用按摩仪中风偏瘫康复按摩器主机+双上肢+双下肢,医药保健--保健器械--理疗仪,0,0
佳禾空气波压力理疗仪医用腿部静脉曲张按摩器家用静脉血栓理疗仪 主机加单上肢,医药保健--保健器械--理疗仪,0,0
佳禾空气波压力理疗仪医用腿部静脉曲张按摩器家用静脉血栓理疗仪 主机加单下肢加腰,医药保健--保健器械--理疗仪,0,0
佳禾空气波压力理疗仪医用静脉曲张腿部按摩器家用气压理疗仪主机加双上肢,医药保健--保健器械--理疗仪,0,0
周林频谱仪理疗仪WS-301家用颈椎腰椎关节炎症电磁波治疗仪,医药保健--保健器械--理疗仪,0,0
美得（MEIDEMED）经颅磁刺激仪 家用儿童发育迟缓抽动症多动症理疗仪神经衰弱 脑疲劳综合症焦虑失眠脑瘫自闭抑郁治疗器,医药保健--保健器械--理疗仪,0,0
佳禾空气波压力理疗仪医用静脉曲张腿部按摩器家用气压理疗仪主机加单下肢,医药保健--保健器械--理疗仪,0,0
空气波压力理疗仪医用治疗仪静脉曲张腿部按摩器家用按摩仪中风偏瘫康复按摩器主机+单上肢+双下肢,医药保健--保健器械--理疗仪,0,0
松和(SONGHE) 气血循环机 多功能按摩器足疗养生机 有线款,医药保健--保健器械--理疗仪,0,0
松和(SONGHE) 气血循环机 多功能按摩器足疗养生机 无线遥控,医药保健--保健器械--理疗仪,0,0
欧姆龙 低频按摩仪HV-F021 肩周腰肌理疗仪家用 多功能疏通经络 樱花粉,医药保健--保健器械--理疗仪,0,0
视得宝 智能性多功能弱视理疗仪视力恢复训练仪 老款402双目(适用于中度弱视0.1视力),医药保健--保健器械--理疗仪,0,0
周林频谱仪理疗仪311管式家用医用颈椎腰椎治疗仪烤电,医药保健--保健器械--理疗仪,0,0
王太医 颈椎治疗仪中频理疗仪,医药保健--保健器械--理疗仪,0,0
周林频谱仪WS-101管式家用保健治疗仪颈椎腰椎烤电烤灯频谱理疗仪,医药保健--保健器械--理疗仪,0,0
欧姆龙 低频按摩仪HV-F021 肩周腰肌理疗仪家用 多功能疏通经络 钢琴黑,医药保健--保健器械--理疗仪,0,0
欧姆龙 低周波按摩仪HV-F020 理疗仪家用 低频按摩仪便携按摩器 白色款,医药保健--保健器械--理疗仪,0,0
王太医大肠道水疗仪便秘排便器清肠器医用家用理疗仪（器械） 标配+三套耗材,医药保健--保健器械--理疗仪,0,0
享全健高电位治疗仪 中频电位理疗仪家用静电场治疗机遥控豪华型,医药保健--保健器械--理疗仪,0,0
左点 前列腺家用治疗仪 慢性前列腺炎前列腺增生磁疗按摩理疗仪器 二代升级款,医药保健--保健器械--理疗仪,0,0
王太医颈椎治疗仪颈椎理疗仪（器械）劲椎病,医药保健--保健器械--理疗仪,0,0
欧姆龙 低周波按摩仪HV-F020 理疗仪家用 低频按摩仪便携按摩器 粉色款,医药保健--保健器械--理疗仪,0,0
视得宝 智能性多功能弱视理疗仪视力恢复训练仪 新401单目VP-4D(适用于中重度弱视),医药保健--保健器械--理疗仪,0,0
王太医神灯治疗仪电磁波烤灯理疗仪,医药保健--保健器械--理疗仪,0,0
王太医大肠道水疗仪便秘排便器清肠器医用家用理疗仪（器械） 标配+一套耗材,医药保健--保健器械--理疗仪,0,0
王太医大肠道水疗仪便秘排便器清肠器医用家用理疗仪（器械） 标配+两套耗材,医药保健--保健器械--理疗仪,0,0
高博士(GAO BO SHI) 中频理疗仪家用 多功能颈椎腰椎治疗仪 经络肩周腰间盘电疗仪 高配理疗版,医药保健--保健器械--理疗仪,0,0
侨芯 理疗仪家用医用多功能中频治疗仪腰椎关节炎经络针灸电疗按摩仪光波康复理疗仪,医药保健--保健器械--理疗仪,0,0
王太医大肠道水疗仪便秘排便器清肠器医用家用理疗仪（器械） 标配+四套耗材,医药保健--保健器械--理疗仪,0,0
经立通治疗仪家用WDM-903理疗仪按摩器 颈椎病腰椎腿痛肩周炎辅疗,医药保健--保健器械--理疗仪,0,0
视得宝 智能性多功能弱视理疗仪视力恢复训练仪 新款602双目VP-6S(适用于重度弱视),医药保健--保健器械--理疗仪,0,0
可孚青海茶卡大青盐粗盐热敷包电加热家用膝盖关节肩部颈肩宫寒痛经全身适用理疗仪（器械）Cofoe,医药保健--保健器械--理疗仪,0,0
周林频谱仪ws311板式 家用频谱理疗仪器烤电烤灯颈椎病腰椎治疗仪,医药保健--保健器械--理疗仪,0,0
视得宝 智能性多功能弱视理疗仪视力恢复训练仪 新201单目VP-2D(适用于轻中度弱视),医药保健--保健器械--理疗仪,0,0
王太医大肠道水疗仪便秘排便器清肠器医用家用理疗仪（器械） 标配,医药保健--保健器械--理疗仪,0,0
王太医神灯治疗仪电磁波烤灯理疗仪（器械） 落地移动CQ-23高度120cm可调,医药保健--保健器械--理疗仪,0,0
视得宝 智能性多功能弱视理疗仪视力恢复训练仪 新款502双目VP-5S(适用于重度弱视),医药保健--保健器械--理疗仪,0,0
视得宝 智能性多功能弱视理疗仪视力恢复训练仪 新302双目VP-3S(适用于中度弱视),医药保健--保健器械--理疗仪,0,0
周林ZHOU LIN频谱仪理疗仪311管式家用医用颈椎腰椎治疗仪烤电带支架,医药保健--保健器械--理疗仪,0,0
视得宝 智能性多功能弱视理疗仪视力恢复训练仪 新301单目VP-3D(适用于中度弱视),医药保健--保健器械--理疗仪,0,0
佰友低中频理疗仪A1家用针灸电疗多功能肩周炎腰椎颈椎治疗仪器,医药保健--保健器械--理疗仪,0,0
华络近视护眼理疗仪 青少年弱视假性近视保健仪护眼神器学霸必备眼疲劳恢复视力眼部按摩器理疗仪YQ-D101Y,医药保健--保健器械--理疗仪,0,0
左点 UVB紫外线光疗仪白癜风银屑病白斑病状家用理疗仪双管窄谱311治疗仪,医药保健--保健器械--理疗仪,0,0
羊城牌 场效应理疗仪 YC-EOIB型 1台 颈椎肩周炎理疗按摩,医药保健--保健器械--理疗仪,0,0
视得宝 智能性多功能弱视理疗仪视力恢复训练仪 新202双目VP-2S(适用于中轻度弱视),医药保健--保健器械--理疗仪,0,0
王太医神灯治疗仪电磁波烤灯理疗仪,医药保健--保健器械--理疗仪,0,0
衡通中科卫视近视护眼仪青少年贝茨视力恢复仪近视矫正器,医药保健--保健器械--理疗仪,0,0
国仁中频激光综合治疗仪 家用肩颈腰背经络针灸电子按摩仪器XY-805,医药保健--保健器械--理疗仪,0,0
左点 神灯治疗仪 TDP特定电磁波谱治疗器 远红外线家用颈椎腰椎腿部理疗灯 台式,医药保健--保健器械--理疗仪,0,0
锦格(JINGE) 12L便携氧气瓶孕妇家用高原补氧头部其他 新款4瓶,医药保健--保健器械--理疗仪,0,0
华航（HUAHANG） 糖尿病治疗仪 家用 送青钱柳降糖茶血糖仪,医药保健--保健器械--理疗仪,0,0
高博士（GAOBOSHI） 高博士 眼部按摩器眼睛按摩仪护眼仪眼保仪 豪华款金色,医药保健--保健器械--理疗仪,0,0
佳禾空气波压力按摩仪家用气动静脉曲张揉捏肩腰腿部全自动按摩器,医药保健--保健器械--理疗仪,0,0
高博士（GAOBOSHI） 高博士 眼部按摩器眼睛按摩仪护眼仪眼保仪 豪华款白色,医药保健--保健器械--理疗仪,0,0
王太医 大肠道水疗仪 便秘排便器清肠器医用灌肠仪器械非爽朗 标配+30个水疗头,医药保健--保健器械--理疗仪,0,0
锦格(JINGE) 12L便携氧气瓶孕妇家用高原补氧 新款1瓶,医药保健--保健器械--理疗仪,0,0
锦格(JINGE)12L便携氧气瓶孕妇家用高原补氧 经典款4瓶,医药保健--保健器械--理疗仪,0,0
王太医 排便清肠器洗肠机洗肠器清肠仪 标配,医药保健--保健器械--理疗仪,0,0
高博士（GAOBOSHI） 高博士 眼部按摩器眼睛按摩仪护眼仪眼保仪 豪华款绿色,医药保健--保健器械--理疗仪,0,0
锦格(JINGE)12L便携氧气瓶孕妇家用高原补氧 经典款2瓶,医药保健--保健器械--理疗仪,0,0
雾化机儿童医用家用化痰止咳成人小宝咳嗽清肺空气压缩雾化器静音,医药保健--保健器械--理疗仪,0,0
华络hualuojk.com 低频电子脉冲 三高调节Ⅱ型糖尿病理疗仪 家用医用降糖理疗仪 YQ-T102,医药保健--保健器械--理疗仪,0,0
华络糖尿病治疗仪 医用降低血糖 多效经穴激活脑瘫治疗仪YQ-T502,医药保健--保健器械--理疗仪,0,0
【赠两重礼】可孚神灯理疗仪 家用医用tdp特定电磁波谱仪器 多功能风湿烤灯背部全身低中频理疗仪 Cofoe,医药保健--保健器械--理疗仪,0,0
鼻博士鼻炎治疗仪2代半导体激光理疗仪家用治疗仪器GOD-B,医药保健--保健器械--理疗仪,0,0
迈德斯特(MAIDESITE)电动轮椅6021 老年人残疾人折叠轻便代步车 手动电动切换助行车 充气轮胎带减震,医药保健--保健器械--轮椅,0,0
鱼跃(YUWELL)轮椅凌跃2000豪华舒适 轻便折叠式铝合金老人轻便折叠助行车手推儿童旅行飞机轮椅车,医药保健--保健器械--轮椅,0,0
鱼跃（YUWELL）轮椅 全钢管加固 可折叠收纳 H050 老人手动便携轮椅车,医药保健--保健器械--轮椅,0,0
鱼跃轮椅车H062铝合金 轻便可折叠 带手刹 普通轮椅结实耐用助行鱼跃(YUYUE)YUWELL,医药保健--保健器械--轮椅,0,0
鱼跃（YUWELL）轮椅 加强铝合金 软座便携 H056C 老人手动轮椅车免充气可折叠,医药保健--保健器械--轮椅,0,0
鱼跃(YUWELL)轮椅HO50C 家用老人加粗钢管手轮椅车 轻便可折叠带手刹助行仪器 医用加厚坐垫手推助行椅,医药保健--保健器械--轮椅,0,0
【赠毛毯】可孚带坐便轮椅折叠手推车轻便老人老年人残疾人轮椅 全躺多功能便携代步带手刹手推车Cofoe普通轮椅,医药保健--保健器械--轮椅,0,0
迈德斯特(MAIDESITE)电动轮椅6013 老年人残疾人折叠轻便 锂电池充电代步车 手动电动切换助行车,医药保健--保健器械--轮椅,0,0
高博士(GAO BO SHI) 带坐便轮椅折叠老人轻便手动大轮稳固后背可折轮椅车老年人残疾人代步车豪华舒适多功能手推车,医药保健--保健器械--轮椅,0,0
鱼跃 轮椅车H053C 加强铝合金 可折叠折背轻便 老人用手动轮椅 普通轮椅 防后滑带手刹鱼跃轮椅H053CYUWELL,医药保健--保健器械--轮椅,0,0
鱼跃电动轮椅锂电池折叠轻便D130HL多功能老人老年人残疾人全自动大轮稳固智能脚踏板可拆缷防后滑鱼跃(YUWELL),医药保健--保健器械--轮椅,0,0
泰合 电动轮椅车折叠带坐便老人轻便老年人残疾人代步车锂电池铅酸可选 201D 12安铅酸电池,医药保健--保健器械--轮椅,0,0
鱼跃轮椅车H059B 普通轮椅脚踏板可拆缷高靠背半躺带餐板鱼跃(YUYUE)YUWELL加厚坐垫加宽轮椅大轮稳固豪华舒适,医药保健--保健器械--轮椅,0,0
鱼跃（YUWELL）H062轮椅 加强铝合金 软座可折叠 免充气轻便老人手动轮椅车代步车,医药保健--保健器械--轮椅,0,0
【赠毛毯】可孚可折叠轻便电动轮椅车老人老年人残疾人全自动智能四轮代步车 Cofoe,医药保健--保健器械--轮椅,0,0
迈德斯特(MAIDESITE)电动轮椅6010 老年人残疾人折叠轻便代步车 手动电动切换助行车,医药保健--保健器械--轮椅,0,0
立减50】可孚轮椅折叠轻便手动轮椅车老人手推车轮椅车老年人 前后四手刹 坐垫残疾人便携简易轮椅深沉黑Cofoe,医药保健--保健器械--轮椅,0,0
鱼跃轮椅车H050新型家用全钢管加固型可折叠手动轮椅普通轮椅脚踏板可拆缷;防后滑鱼跃（YUYUE）鱼跃(YUWELL),医药保健--保健器械--轮椅,0,0
鱼跃轮椅车 H058B充气高端护理型 全钢管加固软座带座便老人可折叠坐便,医药保健--保健器械--轮椅,0,0
前后四手刹】可孚逸动轮椅折叠轻便老人手推车超轻便携式老年人残疾人代步车红色款普通轮椅 Cofoe,医药保健--保健器械--轮椅,0,0
高博士(GAO BO SHI) 带坐便轮椅折叠老人轻便手动轮椅车老年人残疾人代步车豪华舒适多功能手推车,医药保健--保健器械--轮椅,0,0
鱼跃（YUWELL）轮椅 可折叠半躺型 H059B 全钢管加固 带坐便椅餐桌板手动轮椅车,医药保健--保健器械--轮椅,0,0
鱼跃(YUWELL)轮椅H056C 家用老人铝合金手推轮椅车 轻便可折叠 带手刹助行仪器 医用手推助行椅 人群通用,医药保健--保健器械--轮椅,0,0
鱼跃（YUWELL）轮椅 加强铝合金 软座可折叠 H062C 免充气轻便手动轮椅车,医药保健--保健器械--轮椅,0,0
鱼跃H032C轮椅车 铝合金老人轮椅折叠轻便便携轻老年手动代步车带手刹,医药保健--保健器械--轮椅,0,0
鱼跃电动轮椅D130H折叠轻便多功能老年防后滑代步车鱼跃(YUYUE)YUWELL手动电动切换可折电动豪华舒适轻便可折叠,医药保健--保健器械--轮椅,0,0
迈德斯特(MAIDESITE)电动轮椅矫健锂电池海棉款 老年人残疾人折叠轻便代步车 手动电动切换助行车 电子刹车更安全,医药保健--保健器械--轮椅,0,0
迈德斯特(MAIDESITE)电动轮椅6009 老年人残疾人折叠轻便代步车 手动电动切换助行车,医药保健--保健器械--轮椅,0,0
鱼跃轮椅车H056C 带手刹 铝合金 YUWELL鱼跃(YUYUE)加厚坐垫 后背可折 大轮稳固 轻便折叠普通轮椅,医药保健--保健器械--轮椅,0,0
可孚铝合金超轻折叠轻便手动轮椅老人残疾老年人带手刹便携手推代步车 普通轮椅 Cofoe,医药保健--保健器械--轮椅,0,0
可孚手动轮椅折叠老人手推车轻便轮椅车老年人残疾人带手刹出行代步车便携手动普通轮椅简易轮椅可苏宁实体店付款Cofoe,医药保健--保健器械--轮椅,0,0
鱼跃yuwell轮椅H056C 老人折叠轻便 超轻小轮老年人便携 铝合金简易旅行手推车 YUWELL 普通轮椅 带手刹,医药保健--保健器械--轮椅,0,0
立减50+赠礼】可孚轮椅折叠逸利普通轮椅老人手推车轻便残疾人便携老年人多功能手推车防褥疮代步车助行车墨黑款Cofoe,医药保健--保健器械--轮椅,0,0
王太医轮椅老年人残疾带坐便轮椅超轻便携式折叠可半全躺手推车 低背款,医药保健--保健器械--轮椅,0,0
王太医轮椅老年人残疾带坐便轮椅超轻便携式折叠可半全躺手推车 半躺款,医药保健--保健器械--轮椅,0,0
鱼跃轮椅车2000 加强小轮铝合金型 手动轮椅 可折叠 老人 轻便折叠鱼跃(YUYUE)YUWELL铝合金轻便型一步收合,医药保健--保健器械--轮椅,0,0
立减200】可孚电动轮椅可折叠A3大轮20A轻便手动轮椅老人轮椅车赠4重礼】出行代步车老年人助行残疾人Cofoe,医药保健--保健器械--轮椅,0,0
高博士(GAO BO SHI) 带坐便轮椅折叠老人轻便手动大轮稳固后背可折轮椅车老年人残疾人代步车豪华舒适多功能手推车,医药保健--保健器械--轮椅,0,0
鱼跃（YUWELL)电动轮椅车D130H 折叠老人轻便 代步车老年残疾人四轮自动智能 铅酸版,医药保健--保健器械--轮椅,0,0
王太医 带坐便轮椅折叠老人轻便手动轮椅车老年人残疾人代步车多功能手推车,医药保健--保健器械--轮椅,0,0
鱼跃(YUWELL)轮椅车 H059B免充气高端护理型 可折叠半躺型老人全钢管加固带坐便椅餐桌板,医药保健--保健器械--轮椅,0,0
立减200元】可孚电动代步车轮椅老年人四轮车可折叠进口PG控制器残疾人轻便智能代步四轮车蓝色【12A双电池】Cofoe,医药保健--保健器械--轮椅,0,0
鱼跃(YUWELL)轮椅车 H058B充气高端护理型 全钢管加固软座带座便老人可折叠坐便,医药保健--保健器械--轮椅,0,0
鱼跃（YUWELL）轮椅 加强铝合金 折背便携 H053C 免充气轻便老年残疾人代步车手动轮椅车,医药保健--保健器械--轮椅,0,0
鱼跃轮椅H062C铝合金老人轻便折叠手动普通轮椅车加厚坐垫大轮稳固豪华舒适轻便折叠鱼跃(YUWELL)鱼跃(YUYUE),医药保健--保健器械--轮椅,0,0
鱼跃(YUWELL)便携式轮椅2000 铝合金老人轻便折叠手推轮椅,医药保健--保健器械--轮椅,0,0
旅行版轮椅 折叠老人轻便便携式手动轮椅车手推车残疾人代步车 实心胎免充气 米格款,医药保健--保健器械--轮椅,0,0
鱼跃（YUWELL)电动轮椅车D130HL 折叠老人轻便 代步车老年残疾人四轮自动智能免安装锂电池长续航,医药保健--保健器械--轮椅,0,0
高博士(GAO BO SHI) 带坐便轮椅折叠老人轻便手动大轮稳固后背可折轮椅车老年人残疾人代步车豪华舒适多功能手推车,医药保健--保健器械--轮椅,0,0
鱼跃(yuwell)轮椅H053C铝合金老人轻便轮椅折叠手动轮椅车免充气加厚坐垫;加宽轮椅;大轮稳固;轻便折叠,医药保健--保健器械--轮椅,0,0
轮椅折叠轻便带坐便老人老年人便携残疾人轮椅车超轻手推车代步车 软扶手 防水皮革面,医药保健--保健器械--轮椅,0,0
高博士(GAO BO SHI) 带坐便轮椅折叠老人轻便手动大轮稳固后背可折轮椅车老年人残疾人代步车豪华舒适多功能手推车,医药保健--保健器械--轮椅,0,0
迈德斯特(MAIDESITE)电动轮椅矫健锂电池款 老年人残疾人折叠铝合金代步车 手动电动切换助行车 电子刹车更安全,医药保健--保健器械--轮椅,0,0
泰合 电动轮椅车折叠老人轻便带坐便老年人残疾人代步车锂电池铅酸可选选 201D 20安铅酸电池,医药保健--保健器械--轮椅,0,0
迈德斯特(MAIDESITE)电动轮椅6012 老年人残疾人折叠轻便代步车 手动电动切换助行车,医药保健--保健器械--轮椅,0,0
可孚轮椅折叠轻便手动轮椅车铝合金老人普通轮椅坐垫带手刹便携轮椅车踏春代步车助行高雅灰带手刹【折叠稳固】Cofoe,医药保健--保健器械--轮椅,0,0
立减200】可孚轮椅折叠轻便电动轮椅车老人老年人全自动智能四轮代步车 A3大轮 高靠背20A电池【高靠背大轮20A电池】,医药保健--保健器械--轮椅,0,0
高博士(GAO BO SHI)轮椅折叠轻便带坐便多功能老人便携残疾人代步手推车 充气轮胎,医药保健--保健器械--轮椅,0,0
老年购物车折叠可坐老人轮椅手推车助行代步买菜车,医药保健--保健器械--轮椅,0,0
鱼跃(YUWELL)轮椅H062 家用老人铝合金手推轮椅车 轻便可折叠 带手刹助行仪器 医用结实耐用手推助行椅,医药保健--保健器械--轮椅,0,0
鱼跃(YUWELL)电动轮椅D130H智能全自动多功能折叠轻便便携超轻老年残疾人代步车,医药保健--保健器械--轮椅,0,0
鱼跃(YUWELL)轮椅车 H050C充气型 全钢管加固可折叠收纳老人便携手动,医药保健--保健器械--轮椅,0,0
立减50】可孚轮椅折叠逸利老人手推车轻便残疾人便携老年人多功能手推车防褥疮代步车助行车 黑蓝款,医药保健--保健器械--轮椅,0,0
立减100元】可孚轮椅折叠带坐便轮椅车轻便手动轮椅老人代步车残疾人轮椅免充气高靠背【全躺带便盆】 可苏宁实体店付款,医药保健--保健器械--轮椅,0,0
高博士(GAO BO SHI)带坐便轮椅折叠老人轻便手动轮椅车老年人残疾人代步车多功能手推车 低背坐便款,医药保健--保健器械--轮椅,0,0
可孚轮椅折叠铝合金老人轮椅车手动轻便手推车残疾人助行便携普通轮椅逸巧免充气黑蓝色带手刹Cofoe,医药保健--保健器械--轮椅,0,0
鱼跃(YUWELL)轮椅H058B 全钢管加固软座带座便助行车 老人可折叠坐便手推轮椅车,医药保健--保健器械--轮椅,0,0
王太医 老人轮椅车折叠 轻便带坐便器轮椅手动 半躺型带坐便,医药保健--保健器械--轮椅,0,0
鱼跃(YUWELL)轮椅H059B 充气高端护理型 可折叠半躺型轮椅车 老人全钢管加固带坐便椅餐桌板手推车 人群通用,医药保健--保健器械--轮椅,0,0
鱼跃轮椅车折叠轻便铝合金,医药保健--保健器械--轮椅,0,0
鱼跃(yuwell)铝合金可折叠轻便老人轮椅车H033D,医药保健--保健器械--轮椅,0,0
可孚逸巧轮椅折叠铝合金老人手动轮椅车折叠手推车残疾人便携轮椅车免充气孕妇出行代步车【轻便铝合金,医药保健--保健器械--轮椅,0,0
高博士(GAO BO SHI) 轮椅带坐便折叠轻便老人手推车轻便携式老年人残疾人多功能,医药保健--保健器械--轮椅,0,0
泰合 电动轮椅车折叠老人轻便带坐便老年人残疾人代步车锂电池铅酸可选选 201D 20安铅酸电池,医药保健--保健器械--轮椅,0,0
互邦(Hubang)电动轮椅HBLD3-B 双控轻便锂电池老年人老人残疾人多功能折叠代步车,医药保健--保健器械--轮椅,0,0
轮椅折叠轻便 老年人轮椅车儿童手动便携轮椅免充气小轮椅实心胎旅游旅行代步车 免充气轮椅红色款,医药保健--保健器械--轮椅,0,0
高博士(GAO BO SHI)轮椅折叠老人轻便手动轮椅车老年人残疾人代步车带坐便,医药保健--保健器械--轮椅,0,0
泰合 电动轮椅车折叠带坐便老人轻便老年人残疾人代步车锂电池铅酸可选 201 12安铅酸电池,医药保健--保健器械--轮椅,0,0
鱼跃轮椅H050C老人折叠轻便轮椅便携手推车残疾人手动轮椅车鱼跃(YUYUE)YUWELL后背可折;大轮稳固;轻便折叠,医药保健--保健器械--轮椅,0,0
旅行版轮椅 折叠老人轻便便携式手动轮椅车手推车残疾人代步车 实心胎免充气 皮革款,医药保健--保健器械--轮椅,0,0
可孚轮椅多功能折叠轮椅车轻便折叠带坐便便携式普通轮椅【赠便盆餐桌板】老年人老人残疾人手推代步车Cofoe,医药保健--保健器械--轮椅,0,0
王太医 轮椅低背式 手动手推轮椅 通用可折叠残疾人手推车 赠带餐桌 带坐便 大轮稳固,医药保健--保健器械--轮椅,0,0
贝珍BZ-6401电动轮椅带坐便器残疾人老人折叠轻便便携老年代步车 20安铅酸电池款,医药保健--保健器械--轮椅,0,0
鱼跃轮椅车便携折叠老年人H009B 标配,医药保健--保健器械--轮椅,0,0
高博士(GAO BO SHI) 轮椅可折叠轻便老人带坐便残疾人多功能便携代步车手推车,医药保健--保健器械--轮椅,0,0
鱼跃(YUWELL)轮椅车H050型 家用全钢管加固型可折叠手动轮椅,医药保健--保健器械--轮椅,0,0
鱼跃 轮椅车H056C型 加强铝合金 可折叠折背型轻便老手动轮椅,医药保健--保健器械--轮椅,0,0
可孚逸铃铝合金便携轮椅折叠轻便老人旅行轮椅代步车手推老年人残疾人,医药保健--保健器械--轮椅,0,0
可孚电动轮椅毛毯夏秋冬天垫子保暖透气电动轮椅赠品防寒垫毯子毛线毯,医药保健--保健器械--轮椅,0,0
可孚 护理轮椅高靠背可全躺配餐桌椅坐便器轻便可折叠残疾老年人轮椅助步车 标配,医药保健--保健器械--轮椅,0,0
王太医轮椅老年人残疾带坐便轮椅超轻便携式折叠可半全躺多功能 全躺坐便+餐桌+打气筒(升级版),医药保健--保健器械--轮椅,0,0
王太医 轮椅 全躺式 手动手推轮椅 通用可折叠残疾人手推车 赠带餐桌 带坐便 大轮稳固 豪华舒适,医药保健--保健器械--轮椅,0,0
王太医轮椅老年人残疾带坐便轮椅超轻便携式折叠可半全躺多功能 半躺坐便+餐桌+打气筒(黑色),医药保健--保健器械--轮椅,0,0
鱼跃(YUWELL)轮椅H059B 折叠轻便超轻老年便携小轮 手推车带坐便餐桌多功能,医药保健--保健器械--轮椅,0,0
鱼跃(YUWELL)轮椅车 H062C免充气型 加强铝合金软座可折叠老人轻便,医药保健--保健器械--轮椅,0,0
吉芮电动轮椅车 老人智能代步车残疾人折叠轻便可躺可调轮椅1802,医药保健--保健器械--轮椅,0,0
立减50】可孚轮椅折叠逸利普通轮椅老人手推车轻便残疾人便携老年人多功能手推车防褥疮代步车助行车黑红款Cofoe,医药保健--保健器械--轮椅,0,0
泰合 电动轮椅车折叠带坐便老人轻便老年人残疾人代步车锂电池铅酸可选 201D 12安铅酸电池,医药保健--保健器械--轮椅,0,0
德国斯维驰电动轮椅轻便折叠轮椅车老人残疾人智能代步电动车 珠光银 豪华舒适手动电动切换加厚坐垫可折电动,医药保健--保健器械--轮椅,0,0
立减200】可孚电动轮椅折叠电动轮椅车A10中轮20A电池老人轮椅车老年人轻便残疾人代步【赠四重礼,医药保健--保健器械--轮椅,0,0
轮椅折叠轻便 老年人轮椅车儿童手动便携轮椅免充气小轮椅实心胎旅游旅行代步车 免充气轮椅 兰格款,医药保健--保健器械--轮椅,0,0
坐便椅子老年人孕妇残疾人坐便凳子坐便器座便桶U型口坐便+洗澡+轮椅,医药保健--保健器械--轮椅,0,0
泰合 电动轮椅车折叠老人轻便带坐便老年人残疾人代步车锂电池铅酸可选 201 20安铅酸电池,医药保健--保健器械--轮椅,0,0
高博士(GAO BO SHI) 全躺轮椅折叠轻便带坐便多功能老人便携残疾人手推代步车,医药保健--保健器械--轮椅,0,0
鱼跃轮椅车H059B 可折叠半躺型 带骨科脚 带坐便椅餐桌板,医药保健--保健器械--轮椅,0,0
高博士(GAO BO SHI)轮椅折叠轻便老人手推车轻便携式老年人残疾人带坐便餐桌,医药保健--保健器械--轮椅,0,0
立减200】可孚轮椅折叠电动轮椅轻便电动轮椅车老人老年人全自动智能四轮代步车A3大轮低靠背20A锂电池,医药保健--保健器械--轮椅,0,0
轮椅折叠轻便带坐便老人老年人便携残疾人轮椅车超轻手推车代步车 软扶手 米格帆布面,医药保健--保健器械--轮椅,0,0
立减200】可孚电动代步车轮椅全自动老人轮椅车残疾人老年人W3431B手推车轮椅四轮智能折叠轻便20A双电池Cofoe,医药保健--保健器械--轮椅,0,0
坐便椅老人孕妇坐便凳儿童宝宝坐便器座厕椅洗澡凳移动马桶,医药保健--保健器械--轮椅,0,0
王太医轮椅老年人残疾带坐便轮椅超轻便携式折叠可半全躺手推车 全躺款,医药保健--保健器械--轮椅,0,0
王太医轮椅折叠老年人残疾带坐便超轻便携式多功能手动轮椅车 低背坐便,医药保健--保健器械--轮椅,0,0
德国斯维驰电动轮椅轻便折叠轮椅车老人残疾人智能代步电动车 香槟金 豪华舒适手动电动切换,医药保健--保健器械--轮椅,0,0
鱼跃(YUWELL)手动轮椅车 H050 钢管基本型 1台老人折叠轻便 普通轮椅,医药保健--保健器械--轮椅,0,0
鱼跃(YUWELL)轮椅H062C 家用老人铝合金手推轮椅车 轻便折叠 带手刹助行仪器 医用大轮稳固手推助行椅,医药保健--保健器械--轮椅,0,0
王太医轮椅老年人残疾带坐便轮椅超轻便携式折叠可半全躺多功能 低背坐便+餐桌+打气筒(黑色),医药保健--保健器械--轮椅,0,0
鱼跃(YUWELL)轮椅车 H050C 全钢管加固可折叠收纳老人便携手动,医药保健--保健器械--轮椅,0,0
老人四脚拐棍拐杖老年助步器残疾人助行架折叠洗澡椅子,医药保健--保健器械--轮椅,0,0
老人坐便椅子折叠铝合金坐便器洗澡椅子沐浴凳子孕妇残疾人座厕椅移动马桶椅,医药保健--保健器械--轮椅,0,0
鱼跃(YUWELL)轮椅凌跃H053C 家用老人铝合金手推轮椅车 轻便可折叠 带手刹助行仪器 医用手推助行椅 人群通用,医药保健--保健器械--轮椅,0,0
迈德斯特(MAIDESITE)电动轮椅6021 老年人残疾人折叠轻便代步车 手动电动切换助行车 充气轮胎带减震,医药保健--保健器械--轮椅,0,0
鱼跃(YUWELL)轮椅凌跃2000豪华舒适 轻便折叠式铝合金老人轻便折叠助行车手推儿童旅行飞机轮椅车,医药保健--保健器械--轮椅,0,0
鱼跃（YUWELL）轮椅 全钢管加固 可折叠收纳 H050 老人手动便携轮椅车,医药保健--保健器械--轮椅,0,0
鱼跃轮椅车H062铝合金 轻便可折叠 带手刹 普通轮椅结实耐用助行鱼跃(YUYUE)YUWELL,医药保健--保健器械--轮椅,0,0
鱼跃（YUWELL）轮椅 加强铝合金 软座便携 H056C 老人手动轮椅车免充气可折叠,医药保健--保健器械--轮椅,0,0
鱼跃(YUWELL)轮椅HO50C 家用老人加粗钢管手轮椅车 轻便可折叠带手刹助行仪器 医用加厚坐垫手推助行椅,医药保健--保健器械--轮椅,0,0
【赠毛毯】可孚带坐便轮椅折叠手推车轻便老人老年人残疾人轮椅 全躺多功能便携代步带手刹手推车Cofoe普通轮椅,医药保健--保健器械--轮椅,0,0
迈德斯特(MAIDESITE)电动轮椅6013 老年人残疾人折叠轻便 锂电池充电代步车 手动电动切换助行车,医药保健--保健器械--轮椅,0,0
高博士(GAO BO SHI) 带坐便轮椅折叠老人轻便手动大轮稳固后背可折轮椅车老年人残疾人代步车豪华舒适多功能手推车,医药保健--保健器械--轮椅,0,0
鱼跃 轮椅车H053C 加强铝合金 可折叠折背轻便 老人用手动轮椅 普通轮椅 防后滑带手刹鱼跃轮椅H053CYUWELL,医药保健--保健器械--轮椅,0,0
鱼跃电动轮椅锂电池折叠轻便D130HL多功能老人老年人残疾人全自动大轮稳固智能脚踏板可拆缷防后滑鱼跃(YUWELL),医药保健--保健器械--轮椅,0,0
泰合 电动轮椅车折叠带坐便老人轻便老年人残疾人代步车锂电池铅酸可选 201D 12安铅酸电池,医药保健--保健器械--轮椅,0,0
鱼跃轮椅车H059B 普通轮椅脚踏板可拆缷高靠背半躺带餐板鱼跃(YUYUE)YUWELL加厚坐垫加宽轮椅大轮稳固豪华舒适,医药保健--保健器械--轮椅,0,0
鱼跃（YUWELL）H062轮椅 加强铝合金 软座可折叠 免充气轻便老人手动轮椅车代步车,医药保健--保健器械--轮椅,0,0
【赠毛毯】可孚可折叠轻便电动轮椅车老人老年人残疾人全自动智能四轮代步车 Cofoe,医药保健--保健器械--轮椅,0,0
迈德斯特(MAIDESITE)电动轮椅6010 老年人残疾人折叠轻便代步车 手动电动切换助行车,医药保健--保健器械--轮椅,0,0
立减50】可孚轮椅折叠轻便手动轮椅车老人手推车轮椅车老年人 前后四手刹 坐垫残疾人便携简易轮椅深沉黑Cofoe,医药保健--保健器械--轮椅,0,0
鱼跃轮椅车H050新型家用全钢管加固型可折叠手动轮椅普通轮椅脚踏板可拆缷;防后滑鱼跃（YUYUE）鱼跃(YUWELL),医药保健--保健器械--轮椅,0,0
鱼跃轮椅车 H058B充气高端护理型 全钢管加固软座带座便老人可折叠坐便,医药保健--保健器械--轮椅,0,0
前后四手刹】可孚逸动轮椅折叠轻便老人手推车超轻便携式老年人残疾人代步车红色款普通轮椅 Cofoe,医药保健--保健器械--轮椅,0,0
高博士(GAO BO SHI) 带坐便轮椅折叠老人轻便手动轮椅车老年人残疾人代步车豪华舒适多功能手推车,医药保健--保健器械--轮椅,0,0
鱼跃（YUWELL）轮椅 可折叠半躺型 H059B 全钢管加固 带坐便椅餐桌板手动轮椅车,医药保健--保健器械--轮椅,0,0
鱼跃(YUWELL)轮椅H056C 家用老人铝合金手推轮椅车 轻便可折叠 带手刹助行仪器 医用手推助行椅 人群通用,医药保健--保健器械--轮椅,0,0
鱼跃（YUWELL）轮椅 加强铝合金 软座可折叠 H062C 免充气轻便手动轮椅车,医药保健--保健器械--轮椅,0,0
鱼跃H032C轮椅车 铝合金老人轮椅折叠轻便便携轻老年手动代步车带手刹,医药保健--保健器械--轮椅,0,0
鱼跃电动轮椅D130H折叠轻便多功能老年防后滑代步车鱼跃(YUYUE)YUWELL手动电动切换可折电动豪华舒适轻便可折叠,医药保健--保健器械--轮椅,0,0
迈德斯特(MAIDESITE)电动轮椅矫健锂电池海棉款 老年人残疾人折叠轻便代步车 手动电动切换助行车 电子刹车更安全,医药保健--保健器械--轮椅,0,0
迈德斯特(MAIDESITE)电动轮椅6009 老年人残疾人折叠轻便代步车 手动电动切换助行车,医药保健--保健器械--轮椅,0,0
鱼跃轮椅车H056C 带手刹 铝合金 YUWELL鱼跃(YUYUE)加厚坐垫 后背可折 大轮稳固 轻便折叠普通轮椅,医药保健--保健器械--轮椅,0,0
可孚铝合金超轻折叠轻便手动轮椅老人残疾老年人带手刹便携手推代步车 普通轮椅 Cofoe,医药保健--保健器械--轮椅,0,0
可孚手动轮椅折叠老人手推车轻便轮椅车老年人残疾人带手刹出行代步车便携手动普通轮椅简易轮椅可苏宁实体店付款Cofoe,医药保健--保健器械--轮椅,0,0
鱼跃yuwell轮椅H056C 老人折叠轻便 超轻小轮老年人便携 铝合金简易旅行手推车 YUWELL 普通轮椅 带手刹,医药保健--保健器械--轮椅,0,0
立减50+赠礼】可孚轮椅折叠逸利普通轮椅老人手推车轻便残疾人便携老年人多功能手推车防褥疮代步车助行车墨黑款Cofoe,医药保健--保健器械--轮椅,0,0
王太医轮椅老年人残疾带坐便轮椅超轻便携式折叠可半全躺手推车 低背款,医药保健--保健器械--轮椅,0,0
王太医轮椅老年人残疾带坐便轮椅超轻便携式折叠可半全躺手推车 半躺款,医药保健--保健器械--轮椅,0,0
鱼跃轮椅车2000 加强小轮铝合金型 手动轮椅 可折叠 老人 轻便折叠鱼跃(YUYUE)YUWELL铝合金轻便型一步收合,医药保健--保健器械--轮椅,0,0
立减200】可孚电动轮椅可折叠A3大轮20A轻便手动轮椅老人轮椅车赠4重礼】出行代步车老年人助行残疾人Cofoe,医药保健--保健器械--轮椅,0,0
高博士(GAO BO SHI) 带坐便轮椅折叠老人轻便手动大轮稳固后背可折轮椅车老年人残疾人代步车豪华舒适多功能手推车,医药保健--保健器械--轮椅,0,0
鱼跃（YUWELL)电动轮椅车D130H 折叠老人轻便 代步车老年残疾人四轮自动智能 铅酸版,医药保健--保健器械--轮椅,0,0
王太医 带坐便轮椅折叠老人轻便手动轮椅车老年人残疾人代步车多功能手推车,医药保健--保健器械--轮椅,0,0
鱼跃(YUWELL)轮椅车 H059B免充气高端护理型 可折叠半躺型老人全钢管加固带坐便椅餐桌板,医药保健--保健器械--轮椅,0,0
立减200元】可孚电动代步车轮椅老年人四轮车可折叠进口PG控制器残疾人轻便智能代步四轮车蓝色【12A双电池】Cofoe,医药保健--保健器械--轮椅,0,0
鱼跃(YUWELL)轮椅车 H058B充气高端护理型 全钢管加固软座带座便老人可折叠坐便,医药保健--保健器械--轮椅,0,0
鱼跃（YUWELL）轮椅 加强铝合金 折背便携 H053C 免充气轻便老年残疾人代步车手动轮椅车,医药保健--保健器械--轮椅,0,0
鱼跃轮椅H062C铝合金老人轻便折叠手动普通轮椅车加厚坐垫大轮稳固豪华舒适轻便折叠鱼跃(YUWELL)鱼跃(YUYUE),医药保健--保健器械--轮椅,0,0
鱼跃(YUWELL)便携式轮椅2000 铝合金老人轻便折叠手推轮椅,医药保健--保健器械--轮椅,0,0
旅行版轮椅 折叠老人轻便便携式手动轮椅车手推车残疾人代步车 实心胎免充气 米格款,医药保健--保健器械--轮椅,0,0
鱼跃（YUWELL)电动轮椅车D130HL 折叠老人轻便 代步车老年残疾人四轮自动智能免安装锂电池长续航,医药保健--保健器械--轮椅,0,0
高博士(GAO BO SHI) 带坐便轮椅折叠老人轻便手动大轮稳固后背可折轮椅车老年人残疾人代步车豪华舒适多功能手推车,医药保健--保健器械--轮椅,0,0
鱼跃(yuwell)轮椅H053C铝合金老人轻便轮椅折叠手动轮椅车免充气加厚坐垫;加宽轮椅;大轮稳固;轻便折叠,医药保健--保健器械--轮椅,0,0
轮椅折叠轻便带坐便老人老年人便携残疾人轮椅车超轻手推车代步车 软扶手 防水皮革面,医药保健--保健器械--轮椅,0,0
高博士(GAO BO SHI) 带坐便轮椅折叠老人轻便手动大轮稳固后背可折轮椅车老年人残疾人代步车豪华舒适多功能手推车,医药保健--保健器械--轮椅,0,0
迈德斯特(MAIDESITE)电动轮椅矫健锂电池款 老年人残疾人折叠铝合金代步车 手动电动切换助行车 电子刹车更安全,医药保健--保健器械--轮椅,0,0
泰合 电动轮椅车折叠老人轻便带坐便老年人残疾人代步车锂电池铅酸可选选 201D 20安铅酸电池,医药保健--保健器械--轮椅,0,0
迈德斯特(MAIDESITE)电动轮椅6012 老年人残疾人折叠轻便代步车 手动电动切换助行车,医药保健--保健器械--轮椅,0,0
可孚轮椅折叠轻便手动轮椅车铝合金老人普通轮椅坐垫带手刹便携轮椅车踏春代步车助行高雅灰带手刹【折叠稳固】Cofoe,医药保健--保健器械--轮椅,0,0
立减200】可孚轮椅折叠轻便电动轮椅车老人老年人全自动智能四轮代步车 A3大轮 高靠背20A电池【高靠背大轮20A电池】,医药保健--保健器械--轮椅,0,0
高博士(GAO BO SHI)轮椅折叠轻便带坐便多功能老人便携残疾人代步手推车 充气轮胎,医药保健--保健器械--轮椅,0,0
老年购物车折叠可坐老人轮椅手推车助行代步买菜车,医药保健--保健器械--轮椅,0,0
鱼跃(YUWELL)轮椅H062 家用老人铝合金手推轮椅车 轻便可折叠 带手刹助行仪器 医用结实耐用手推助行椅,医药保健--保健器械--轮椅,0,0
鱼跃(YUWELL)电动轮椅D130H智能全自动多功能折叠轻便便携超轻老年残疾人代步车,医药保健--保健器械--轮椅,0,0
鱼跃(YUWELL)轮椅车 H050C充气型 全钢管加固可折叠收纳老人便携手动,医药保健--保健器械--轮椅,0,0
立减50】可孚轮椅折叠逸利老人手推车轻便残疾人便携老年人多功能手推车防褥疮代步车助行车 黑蓝款,医药保健--保健器械--轮椅,0,0
立减100元】可孚轮椅折叠带坐便轮椅车轻便手动轮椅老人代步车残疾人轮椅免充气高靠背【全躺带便盆】 可苏宁实体店付款,医药保健--保健器械--轮椅,0,0
高博士(GAO BO SHI)带坐便轮椅折叠老人轻便手动轮椅车老年人残疾人代步车多功能手推车 低背坐便款,医药保健--保健器械--轮椅,0,0
可孚轮椅折叠铝合金老人轮椅车手动轻便手推车残疾人助行便携普通轮椅逸巧免充气黑蓝色带手刹Cofoe,医药保健--保健器械--轮椅,0,0
鱼跃(YUWELL)轮椅H058B 全钢管加固软座带座便助行车 老人可折叠坐便手推轮椅车,医药保健--保健器械--轮椅,0,0
王太医 老人轮椅车折叠 轻便带坐便器轮椅手动 半躺型带坐便,医药保健--保健器械--轮椅,0,0
鱼跃(YUWELL)轮椅H059B 充气高端护理型 可折叠半躺型轮椅车 老人全钢管加固带坐便椅餐桌板手推车 人群通用,医药保健--保健器械--轮椅,0,0
鱼跃轮椅车折叠轻便铝合金,医药保健--保健器械--轮椅,0,0
鱼跃(yuwell)铝合金可折叠轻便老人轮椅车H033D,医药保健--保健器械--轮椅,0,0
可孚逸巧轮椅折叠铝合金老人手动轮椅车折叠手推车残疾人便携轮椅车免充气孕妇出行代步车【轻便铝合金,医药保健--保健器械--轮椅,0,0
高博士(GAO BO SHI) 轮椅带坐便折叠轻便老人手推车轻便携式老年人残疾人多功能,医药保健--保健器械--轮椅,0,0
泰合 电动轮椅车折叠老人轻便带坐便老年人残疾人代步车锂电池铅酸可选选 201D 20安铅酸电池,医药保健--保健器械--轮椅,0,0
互邦(Hubang)电动轮椅HBLD3-B 双控轻便锂电池老年人老人残疾人多功能折叠代步车,医药保健--保健器械--轮椅,0,0
轮椅折叠轻便 老年人轮椅车儿童手动便携轮椅免充气小轮椅实心胎旅游旅行代步车 免充气轮椅红色款,医药保健--保健器械--轮椅,0,0
高博士(GAO BO SHI)轮椅折叠老人轻便手动轮椅车老年人残疾人代步车带坐便,医药保健--保健器械--轮椅,0,0
泰合 电动轮椅车折叠带坐便老人轻便老年人残疾人代步车锂电池铅酸可选 201 12安铅酸电池,医药保健--保健器械--轮椅,0,0
鱼跃轮椅H050C老人折叠轻便轮椅便携手推车残疾人手动轮椅车鱼跃(YUYUE)YUWELL后背可折;大轮稳固;轻便折叠,医药保健--保健器械--轮椅,0,0
旅行版轮椅 折叠老人轻便便携式手动轮椅车手推车残疾人代步车 实心胎免充气 皮革款,医药保健--保健器械--轮椅,0,0
可孚轮椅多功能折叠轮椅车轻便折叠带坐便便携式普通轮椅【赠便盆餐桌板】老年人老人残疾人手推代步车Cofoe,医药保健--保健器械--轮椅,0,0
王太医 轮椅低背式 手动手推轮椅 通用可折叠残疾人手推车 赠带餐桌 带坐便 大轮稳固,医药保健--保健器械--轮椅,0,0
贝珍BZ-6401电动轮椅带坐便器残疾人老人折叠轻便便携老年代步车 20安铅酸电池款,医药保健--保健器械--轮椅,0,0
鱼跃轮椅车便携折叠老年人H009B 标配,医药保健--保健器械--轮椅,0,0
高博士(GAO BO SHI) 轮椅可折叠轻便老人带坐便残疾人多功能便携代步车手推车,医药保健--保健器械--轮椅,0,0
鱼跃(YUWELL)轮椅车H050型 家用全钢管加固型可折叠手动轮椅,医药保健--保健器械--轮椅,0,0
鱼跃 轮椅车H056C型 加强铝合金 可折叠折背型轻便老手动轮椅,医药保健--保健器械--轮椅,0,0
可孚逸铃铝合金便携轮椅折叠轻便老人旅行轮椅代步车手推老年人残疾人,医药保健--保健器械--轮椅,0,0
可孚电动轮椅毛毯夏秋冬天垫子保暖透气电动轮椅赠品防寒垫毯子毛线毯,医药保健--保健器械--轮椅,0,0
可孚 护理轮椅高靠背可全躺配餐桌椅坐便器轻便可折叠残疾老年人轮椅助步车 标配,医药保健--保健器械--轮椅,0,0
王太医轮椅老年人残疾带坐便轮椅超轻便携式折叠可半全躺多功能 全躺坐便+餐桌+打气筒(升级版),医药保健--保健器械--轮椅,0,0
王太医 轮椅 全躺式 手动手推轮椅 通用可折叠残疾人手推车 赠带餐桌 带坐便 大轮稳固 豪华舒适,医药保健--保健器械--轮椅,0,0
王太医轮椅老年人残疾带坐便轮椅超轻便携式折叠可半全躺多功能 半躺坐便+餐桌+打气筒(黑色),医药保健--保健器械--轮椅,0,0
鱼跃(YUWELL)轮椅H059B 折叠轻便超轻老年便携小轮 手推车带坐便餐桌多功能,医药保健--保健器械--轮椅,0,0
鱼跃(YUWELL)轮椅车 H062C免充气型 加强铝合金软座可折叠老人轻便,医药保健--保健器械--轮椅,0,0
吉芮电动轮椅车 老人智能代步车残疾人折叠轻便可躺可调轮椅1802,医药保健--保健器械--轮椅,0,0
立减50】可孚轮椅折叠逸利普通轮椅老人手推车轻便残疾人便携老年人多功能手推车防褥疮代步车助行车黑红款Cofoe,医药保健--保健器械--轮椅,0,0
泰合 电动轮椅车折叠带坐便老人轻便老年人残疾人代步车锂电池铅酸可选 201D 12安铅酸电池,医药保健--保健器械--轮椅,0,0
德国斯维驰电动轮椅轻便折叠轮椅车老人残疾人智能代步电动车 珠光银 豪华舒适手动电动切换加厚坐垫可折电动,医药保健--保健器械--轮椅,0,0
立减200】可孚电动轮椅折叠电动轮椅车A10中轮20A电池老人轮椅车老年人轻便残疾人代步【赠四重礼,医药保健--保健器械--轮椅,0,0
轮椅折叠轻便 老年人轮椅车儿童手动便携轮椅免充气小轮椅实心胎旅游旅行代步车 免充气轮椅 兰格款,医药保健--保健器械--轮椅,0,0
坐便椅子老年人孕妇残疾人坐便凳子坐便器座便桶U型口坐便+洗澡+轮椅,医药保健--保健器械--轮椅,0,0
泰合 电动轮椅车折叠老人轻便带坐便老年人残疾人代步车锂电池铅酸可选 201 20安铅酸电池,医药保健--保健器械--轮椅,0,0
高博士(GAO BO SHI) 全躺轮椅折叠轻便带坐便多功能老人便携残疾人手推代步车,医药保健--保健器械--轮椅,0,0
鱼跃轮椅车H059B 可折叠半躺型 带骨科脚 带坐便椅餐桌板,医药保健--保健器械--轮椅,0,0
高博士(GAO BO SHI)轮椅折叠轻便老人手推车轻便携式老年人残疾人带坐便餐桌,医药保健--保健器械--轮椅,0,0
立减200】可孚轮椅折叠电动轮椅轻便电动轮椅车老人老年人全自动智能四轮代步车A3大轮低靠背20A锂电池,医药保健--保健器械--轮椅,0,0
轮椅折叠轻便带坐便老人老年人便携残疾人轮椅车超轻手推车代步车 软扶手 米格帆布面,医药保健--保健器械--轮椅,0,0
立减200】可孚电动代步车轮椅全自动老人轮椅车残疾人老年人W3431B手推车轮椅四轮智能折叠轻便20A双电池Cofoe,医药保健--保健器械--轮椅,0,0
坐便椅老人孕妇坐便凳儿童宝宝坐便器座厕椅洗澡凳移动马桶,医药保健--保健器械--轮椅,0,0
王太医轮椅老年人残疾带坐便轮椅超轻便携式折叠可半全躺手推车 全躺款,医药保健--保健器械--轮椅,0,0
王太医轮椅折叠老年人残疾带坐便超轻便携式多功能手动轮椅车 低背坐便,医药保健--保健器械--轮椅,0,0
德国斯维驰电动轮椅轻便折叠轮椅车老人残疾人智能代步电动车 香槟金 豪华舒适手动电动切换,医药保健--保健器械--轮椅,0,0
鱼跃(YUWELL)手动轮椅车 H050 钢管基本型 1台老人折叠轻便 普通轮椅,医药保健--保健器械--轮椅,0,0
鱼跃(YUWELL)轮椅H062C 家用老人铝合金手推轮椅车 轻便折叠 带手刹助行仪器 医用大轮稳固手推助行椅,医药保健--保健器械--轮椅,0,0
王太医轮椅老年人残疾带坐便轮椅超轻便携式折叠可半全躺多功能 低背坐便+餐桌+打气筒(黑色),医药保健--保健器械--轮椅,0,0
鱼跃(YUWELL)轮椅车 H050C 全钢管加固可折叠收纳老人便携手动,医药保健--保健器械--轮椅,0,0
老人四脚拐棍拐杖老年助步器残疾人助行架折叠洗澡椅子,医药保健--保健器械--轮椅,0,0
老人坐便椅子折叠铝合金坐便器洗澡椅子沐浴凳子孕妇残疾人座厕椅移动马桶椅,医药保健--保健器械--轮椅,0,0
鱼跃(YUWELL)轮椅凌跃H053C 家用老人铝合金手推轮椅车 轻便可折叠 带手刹助行仪器 医用手推助行椅 人群通用,医药保健--保健器械--轮椅,0,0
木头坐便椅子老年人孕妇坐厕凳坐便器洗澡沐浴椅子,医药保健--保健器械--轮椅,0,0
鱼跃(yuwell)框式YU710 标配,医药保健--保健器械--轮椅,0,0
德国斯维驰电动轮椅轻便折叠轮椅车老人残疾人智能代步电动车 珠光银 豪华舒适 手动电动切换 加厚坐垫,医药保健--保健器械--轮椅,0,0
王太医 老人轮椅车折叠 轻便带坐便器轮椅手动 全躺型带坐便,医药保健--保健器械--轮椅,0,0
泰合 电动轮椅车折叠老人轻便带坐便老年人残疾人代步车锂电池铅酸可选 201 20安铅酸电池,医药保健--保健器械--轮椅,0,0
立减200】可孚电动轮椅全自动老人轮椅车代步车残疾人老年人W3433四轮智能折叠轻便 20A双电池,医药保健--保健器械--轮椅,0,0
立减200】可孚电动轮椅折叠老年人电动轮椅车A3大轮12A电池折叠手动轻便A3老人助行残疾人代步车【双模式】,医药保健--保健器械--轮椅,0,0
立减200】可孚轮椅折叠电动轮椅轻便电动轮椅车老人手推车自动智能四轮代步车A3大轮【12A锂电池】低靠背12A锂电池,医药保健--保健器械--轮椅,0,0
立减200】可孚电动轮椅折叠电动轮椅车轻便老人轮椅车A10中轮12A电池】老年人残疾人代步【松手就停,医药保健--保健器械--轮椅,0,0
鱼跃(YUWELL)H058B轮椅老人折叠轻便超轻老年便携残疾人手推车带坐便餐桌多功能,医药保健--保健器械--轮椅,0,0
铝合金圆形洗澡凳子老年人孕妇洗澡沐浴椅子,医药保健--保健器械--轮椅,0,0
可孚铝合金三角拐杖KFSZ009带凳拐杖铝合金带座拐杖凳便携折叠椅子 标配,医药保健--保健器械--轮椅,0,0
U型坐便凳子 洗澡椅子老年人孕妇座便坐厕登 防滑,医药保健--保健器械--轮椅,0,0
高博士(GAO BO SHI)轮椅折叠轻便带坐便多功能老人便携残疾人手推代步车可全躺,医药保健--保健器械--轮椅,0,0
立减200元】可孚轮椅老年人轮椅车可折叠电动轮椅 进口PG残疾人老人手推车轮椅轻便智能代步四轮车红色【12A双电池】,医药保健--保健器械--轮椅,0,0
泰合 电动轮椅车折叠老人轻便老年人残疾人代步车带坐便锂电池铅酸可选 201A 20安铅酸电池,医药保健--保健器械--轮椅,0,0
立减200元】可孚轮椅折叠电动轮椅轻便电动轮椅车老人轮椅全自动智能四轮代步车A10中轮折叠高靠背12A电池Cofoe,医药保健--保健器械--轮椅,0,0
立减200元】可孚轮椅折叠电动轮椅轻便电动轮椅车老人手推车轮椅全自动智能四轮代步车 A3大轮高靠背12A电池【高靠背,医药保健--保健器械--轮椅,0,0
立减200元】可孚折叠电动轮椅轻便电动车老人全自动智能四轮代步车A10中轮 高靠背20A电池【折叠高靠背】Cofoe,医药保健--保健器械--轮椅,0,0
泰合 电动轮椅车折叠老人轻便老年人残疾人代步车带坐便锂电池铅酸可选 201A 20安铅酸电池,医药保健--保健器械--轮椅,0,0
泰合 电动轮椅车折叠老人轻便带坐便老年人残疾人代步车锂电池铅酸可选 201A 12安铅酸电池,医药保健--保健器械--轮椅,0,0
【飞机轮椅】可孚轮椅折叠轮椅车轻便老人飞机轮椅手提轮椅 便携代步轮椅手动轮椅小型手推车Cofoe,医药保健--保健器械--轮椅,0,0
鱼跃轮椅车H009B 老人轮椅折叠带坐便餐桌 可半躺手推代步车,医药保健--保健器械--轮椅,0,0
可孚 老人孕妇大便坐椅 ZC097,医药保健--保健器械--轮椅,0,0
高博士(GAO BO SHI)轮椅可折叠轻便老人带坐便残疾人多功能便携代步车可半躺,医药保健--保健器械--轮椅,0,0
立减200元可孚轮椅折叠电动轮椅轻便轮椅车电动轮椅车老人残疾人全自动智能四轮代步车A11大轮高靠背12A电池全躺高靠背】,医药保健--保健器械--轮椅,0,0
互邦(Hubang)电动轮椅HBLD3-B 双控轻便稳固锂电池老年人老人残疾人多功能折叠代步车,医药保健--保健器械--轮椅,0,0
轮椅车折叠老人轻便(加厚坐垫带座便踏板可调四组刹车),医药保健--保健器械--轮椅,0,0
带扶手马桶增高垫孕妇 老人坐便增高器坐便椅坐便器,医药保健--保健器械--轮椅,0,0
钢管轮椅车老人轻便可折叠 HY9110,医药保健--保健器械--轮椅,0,0
可孚逸稳轮椅轻便折叠带坐便餐桌老年人轮椅老人残疾人轮椅手推车 标配,医药保健--保健器械--轮椅,0,0
鱼跃(yuwell)铝合金框式助行工具可折叠YU710 标配,医药保健--保健器械--轮椅,0,0
孕妇残疾人坐便器椅老人坐便器产妇坐便器 标配,医药保健--保健器械--轮椅,0,0
迈德斯特 电动轮椅车 可折叠轻便 老人代步车 【手电两用】6015（电磁刹车 锂电池）,医药保健--保健器械--轮椅,0,0
老年人坐便椅座便椅坐便凳 孕妇残疾人折叠坐便器马桶厕椅子 豪华款,医药保健--保健器械--轮椅,0,0
贝珍电动轮椅 老年电动代步车 铝合金轻便可折叠 老人代步车锂电池BZ-6401升级纪念款 锂电池15安,医药保健--保健器械--轮椅,0,0
贝珍电动轮椅 老年电动代步车 铝合金轻便可折叠 老人代步车锂电池BZ-6401升级纪念款 锂电池30安,医药保健--保健器械--轮椅,0,0
电动轮椅车 高靠背可折叠 高靠背黑色6103,医药保健--保健器械--轮椅,0,0
王太医 老人轮椅车折叠 轻便带坐便器轮椅手动 低背带坐便,医药保健--保健器械--轮椅,0,0
鱼跃(YUWELL)轻便折叠轮椅2000 铝合金老人便携式儿童手推车户外折叠推车,医药保健--保健器械--轮椅,0,0
老年人坐便椅子坐便器孕妇洗澡椅凳子残疾人轮椅马桶椅座便椅O型座板坐,医药保健--保健器械--轮椅,0,0
日本松永MV2便携飞机火车 老人残疾人折叠轻便便携旅行轮椅,医药保健--保健器械--轮椅,0,0
坐便椅老人坐便器马桶椅孕妇洗澡沐浴椅子凳子,医药保健--保健器械--轮椅,0,0
老人坐便椅孕妇坐便器折叠残疾人马桶凳铝合金老年人洗澡椅子,医药保健--保健器械--轮椅,0,0
坐便椅孕妇洗澡椅老年人移动马桶座便椅子 坐便器,医药保健--保健器械--轮椅,0,0
带轮带座老人残疾人助步器架老年人四脚拐杖拐棍可折叠 洗澡椅,医药保健--保健器械--轮椅,0,0
老人孕妇坐便椅洗澡凳子,医药保健--保健器械--轮椅,0,0
可孚 老人家用坐便椅不锈钢防滑折叠带便桶坐便器 ZC065 标配,医药保健--保健器械--轮椅,0,0
防褥疮气垫翻身护理床防褥疮气垫床医用气垫,医药保健--保健器械--轮椅,0,0
电动轮椅车 高靠背 自动调节抬腿高靠背 6303适合年轻人 越障能力好,医药保健--保健器械--轮椅,0,0
坐便椅老年人孕妇坐便器凳沐浴洗澡椅子移动马桶,医药保健--保健器械--轮椅,0,0
老人洗澡椅子淋浴椅浴室凳子防滑老年残疾人洗浴沐浴椅孕妇洗澡凳,医药保健--保健器械--轮椅,0,0
电动轮椅车 轻便可折叠 电动轮椅 橙色6301,医药保健--保健器械--轮椅,0,0
老年人坐便椅折叠式大便椅座厕椅马桶凳子 黑色,医药保健--保健器械--轮椅,0,0
儿童 可折叠铝合金助行架 双扣JH-401 高度65-83cm,医药保健--保健器械--轮椅,0,0
泰合 电动轮椅车折叠老人轻便带坐便老年人残疾人代步车锂电池铅酸可选 201A 12安铅酸电池,医药保健--保健器械--轮椅,0,0
鱼跃轮椅车H062铝合金 轻便 带手刹 普通轮椅结实耐用可折叠助行,医药保健--保健器械--轮椅,0,0
MIKI三贵MYU-4多功能轮椅扶手可掀双层坐垫靠背可调节残疾人轮椅,医药保健--保健器械--轮椅,0,0
互邦(Hubang)电动轮椅HBLD1-D 轻便稳固可折叠老人残疾人老年人病人全躺代步车 豪华舒适,医药保健--保健器械--轮椅,0,0
互邦(Hubang)电动轮椅HBLD2-A/22智能全自动轻便折叠铝合金老年残疾人代步轮椅车豪华舒适,医药保健--保健器械--轮椅,0,0
贝珍BZ-6401N电动轮椅带坐便器残疾人老人折叠轻便便携老年代步车 铝合金材质30安锂电款,医药保健--保健器械--轮椅,0,0
上海贝珍beiz电动轮椅车BZ-6301 轻便折叠便携老年人残疾人代步车 12安铅酸电池款,医药保健--保健器械--轮椅,0,0
互邦(Hubang)电动轮椅HBLD2-A/22智能全自动轻便折叠铝合金老年残疾人代步轮椅车豪华舒适,医药保健--保健器械--轮椅,0,0
王太医 轮椅半躺式 手动手推轮椅 通用可折叠残疾人手推车 赠带餐桌 带坐便大轮稳固,医药保健--保健器械--轮椅,0,0
迈德斯特(MAIDESITE)电动轮椅6022 老年人残疾人折叠轻便代步车 锂电池手动电动切换助行车 充气轮胎带减震,医药保健--保健器械--轮椅,0,0
老年人坐便椅座便椅坐便凳 孕妇残疾人折叠坐便器马桶厕椅椅子 豪华升级款,医药保健--保健器械--轮椅,0,0
上海贝珍电动轮椅车BZ-6301 智能轻便折叠便携老年人残疾人代步车 12安锂电款,医药保健--保健器械--轮椅,0,0
贝珍BZ-6401N电动轮椅带坐便器残疾人老人折叠轻便便携老年代步车 铝合金材质12安铅酸电池款,医药保健--保健器械--轮椅,0,0
上海贝珍电动轮椅车BZ-6402全躺轮椅可折叠老人残疾人带坐便老人电动轮椅 6402款20安锂电,医药保健--保健器械--轮椅,0,0
鱼跃手动轮椅车H050型家用全钢管加固可折叠便携免充气式后轮轮椅,医药保健--保健器械--轮椅,0,0
上海贝珍电动轮椅车BZ-6301 智能轻便折叠便携老年人残疾人代步车 30安锂电款,医药保健--保健器械--轮椅,0,0
上海贝珍电动轮椅车BZ-6302全躺轮椅可折叠老人残疾人带坐便老人电动轮椅 6302款12安铅酸电池,医药保健--保健器械--轮椅,0,0
贝珍电动轮椅BZ-6402折叠轻便可平躺残疾人老年人智能代步车 6402款20安铅酸电池,医药保健--保健器械--轮椅,0,0
贝珍BZ-6401N电动轮椅带坐便器残疾人老人折叠轻便便携老年代步车 铝合金材质20安铅酸电池款,医药保健--保健器械--轮椅,0,0
贝珍BZ-6401电动轮椅带坐便器残疾人老人折叠轻便便携老年代步车 碳钢款20安锂电款,医药保健--保健器械--轮椅,0,0
上海贝珍电动轮椅车BZ-6402全躺轮椅可折叠老人残疾人带坐便老人电动轮椅 6402款30安锂电,医药保健--保健器械--轮椅,0,0
轮椅折叠轻便带坐便老人老年人便携残疾人轮椅车超轻手推车代步车 软扶手 黑帆布面,医药保健--保健器械--轮椅,0,0
上海贝珍电动轮椅车BZ-6302全躺轮椅可折叠老人残疾人带坐便老人电动轮椅 6302款20安锂电,医药保健--保健器械--轮椅,0,0
贝珍BZ-6401N电动轮椅带坐便器残疾人老人折叠轻便便携老年代步车 铝合金材质12安锂电款,医药保健--保健器械--轮椅,0,0
鱼跃轮椅车H058B型 可折叠轻便带坐便多功能带餐桌板轮椅车残疾人,医药保健--保健器械--轮椅,0,0
MiKi 三贵轮椅车MCS-47KJL轻便折叠扶手加宽残疾人老人轮椅 大轮款,医药保健--保健器械--轮椅,0,0
上海贝珍电动轮椅车BZ-6402全躺轮椅可折叠老人残疾人带坐便老人电动轮椅 6402款12安锂电,医药保健--保健器械--轮椅,0,0
贝珍电动轮椅BZ-6302折叠轻便可平躺残疾人老年人智能代步车 6302款12安锂电,医药保健--保健器械--轮椅,0,0
三贵MiKi手动轮椅车MPTWSW-47JL型 多功能可调 轻便折叠轮椅便携,医药保健--保健器械--轮椅,0,0
上海贝珍电动轮椅车BZ-6301 智能轻便折叠便携老年人残疾人代步车 20安锂电款,医药保健--保健器械--轮椅,0,0
高博士(GAO BO SHI)带坐便轮椅折叠老人轻便手动轮椅车老年人残疾人代步车多功能手推车 全躺款,医药保健--保健器械--轮椅,0,0
贝珍电动轮椅BZ-6302折叠轻便可平躺残疾人老年人智能代步车 6302款30安锂电,医药保健--保健器械--轮椅,0,0
上海贝珍电动轮椅车BZ-6302全躺轮椅可折叠老人残疾人带坐便老人电动轮椅 6302款20安铅酸电池,医药保健--保健器械--轮椅,0,0
贝珍电动轮椅BZ-6402折叠轻便可平躺残疾人老年人智能代步车 6402款12安铅酸电池,医药保健--保健器械--轮椅,0,0
MiKi 三贵轮椅车MCSC-47KJL轻便折叠扶手加宽残疾人老人轮椅 小轮款,医药保健--保健器械--轮椅,0,0
贝珍BZ-6401N电动轮椅带坐便器残疾人老人折叠轻便便携老年代步车 铝合金材质20安锂电款,医药保健--保健器械--轮椅,0,0
三贵Miki手动轮椅车 MSL-T16残疾人 全躺轮椅免充气航太铝轮椅,医药保健--保健器械--轮椅,0,0
鱼跃轮椅车H059B 折叠轻便带坐便多功能半躺型带餐桌板老年残疾人,医药保健--保健器械--轮椅,0,0
高博士(GAO BO SHI)带坐便轮椅折叠老人轻便手动轮椅车老年人残疾人代步车多功能手推车 半躺款,医药保健--保健器械--轮椅,0,0
三贵MiKi手动轮椅车MPTCWSW-47JL型 多功能可调 轻便折叠轮椅便携 小轮款,医药保健--保健器械--轮椅,0,0
鱼跃 轮椅车H053C 可折叠折背轻便 加强铝合金 老人用轮椅 手动普通轮椅,医药保健--保健器械--轮椅,0,0
高博士(GAO BO SHI)带坐便轮椅折叠老人轻便手动轮椅车老年人残疾人代步车多功能手推车 低背坐便餐桌款,医药保健--保健器械--轮椅,0,0
上海贝珍电动轮椅车BZ-6301 智能轻便折叠便携老年人残疾人代步车 20安铅酸电池款,医药保健--保健器械--轮椅,0,0
贝珍BZ-6401电动轮椅带坐便器残疾人老人折叠轻便便携老年代步车 碳钢材质30安锂电款,医药保健--保健器械--轮椅,0,0
泰合 电动轮椅车折叠带坐便老人轻便老年人残疾人代步车锂电池铅酸可选 201 12安铅酸电池,医药保健--保健器械--轮椅,0,0
贝珍BZ-6401电动轮椅带坐便器残疾人老人折叠轻便便携老年代步车 碳钢款12安锂电款,医药保健--保健器械--轮椅,0,0
老年人坐便椅座便椅坐便凳 孕妇残疾人折叠坐便器马桶厕椅子 黑色,医药保健--保健器械--轮椅,0,0
贝珍6401电动轮椅带坐便器残疾人老人折叠轻便便携老年代步车,医药保健--保健器械--轮椅,0,0
吉芮铝合金车架电动轮椅 超轻便折叠便携老人残疾人代步车 JRWD602,医药保健--保健器械--轮椅,0,0
鱼跃 铝合金轮椅车可折叠H031,医药保健--保健器械--轮椅,0,0
德国斯维驰智能电动轮椅铝合金轻便折叠轮椅便携老人残疾人代步车 手机双操控 一键折叠伸展 自动刹车,医药保健--保健器械--轮椅,0,0
贝珍电动轮椅 老年电动代步车 铝合金轻便可折叠 老人代步车锂电池BZ-6401升级纪念款 锂电池50安,医药保健--保健器械--轮椅,0,0
金尚喜 轮椅 折叠老人轻便可折叠软座 免充气轻便老人手动轮椅车代步车 红色,医药保健--保健器械--轮椅,0,0
可孚 轮椅轻便折叠老人电动轮椅车残疾人老年人电动代步车充气钢管智能四轮车 A3大轮12A锂电池,医药保健--保健器械--轮椅,0,0
可孚 轮椅轻便折叠老人电动轮椅车残疾人老年人电动代步车充气钢管智能四轮车 A10中轮20A铅酸电池,医药保健--保健器械--轮椅,0,0
鱼跃老人轮椅车可折叠H050 标配,医药保健--保健器械--轮椅,0,0
老年电动轮椅车残疾人代步车四轮车手动电动两用轮椅301,医药保健--保健器械--轮椅,0,0
衡互邦全躺轮椅折叠轻便带坐便多功能老人老年便携超轻残疾手推车半躺,医药保健--保健器械--轮椅,0,0
MIKI三贵轮椅MOCC-43JL免充气胎轮椅折叠轻便老人残疾人便携轮椅,医药保健--保健器械--轮椅,0,0
MIKI日本三贵手动轮椅MPT-43L航太铝合金轻便折叠便携老人轮椅车 蓝色款,医药保健--保健器械--轮椅,0,0
斯维驰SW1000S 老年电动代步车老人四轮助力车可折叠电瓶车带减震,医药保健--保健器械--轮椅,0,0
鱼跃H050轮椅折叠轻便便携超轻老年代步车,医药保健--保健器械--轮椅,0,0
立善超轻便电动轮椅可折叠双锂电池可上飞机重量25公斤携带方便铝合金老年残疾人四轮电动轮椅车 上海大型实体展厅可试驾自提,医药保健--保健器械--轮椅,0,0
鱼跃(yuwell)手动轮椅车 老年人代步车残疾人H056C,医药保健--保健器械--轮椅,0,0
可孚 轮椅轻便折叠老人电动轮椅车残疾人老年人电动代步车充气钢管智能四轮车 A11大轮全躺12A铅酸电池,医药保健--保健器械--轮椅,0,0
木头坐便椅子老年人孕妇坐厕凳坐便器洗澡沐浴椅子,医药保健--保健器械--轮椅,0,0
鱼跃(yuwell)框式YU710 标配,医药保健--保健器械--轮椅,0,0
德国斯维驰电动轮椅轻便折叠轮椅车老人残疾人智能代步电动车 珠光银 豪华舒适 手动电动切换 加厚坐垫,医药保健--保健器械--轮椅,0,0
王太医 老人轮椅车折叠 轻便带坐便器轮椅手动 全躺型带坐便,医药保健--保健器械--轮椅,0,0
泰合 电动轮椅车折叠老人轻便带坐便老年人残疾人代步车锂电池铅酸可选 201 20安铅酸电池,医药保健--保健器械--轮椅,0,0
立减200】可孚电动轮椅全自动老人轮椅车代步车残疾人老年人W3433四轮智能折叠轻便 20A双电池,医药保健--保健器械--轮椅,0,0
立减200】可孚电动轮椅折叠老年人电动轮椅车A3大轮12A电池折叠手动轻便A3老人助行残疾人代步车【双模式】,医药保健--保健器械--轮椅,0,0
立减200】可孚轮椅折叠电动轮椅轻便电动轮椅车老人手推车自动智能四轮代步车A3大轮【12A锂电池】低靠背12A锂电池,医药保健--保健器械--轮椅,0,0
立减200】可孚电动轮椅折叠电动轮椅车轻便老人轮椅车A10中轮12A电池】老年人残疾人代步【松手就停,医药保健--保健器械--轮椅,0,0
鱼跃(YUWELL)H058B轮椅老人折叠轻便超轻老年便携残疾人手推车带坐便餐桌多功能,医药保健--保健器械--轮椅,0,0
铝合金圆形洗澡凳子老年人孕妇洗澡沐浴椅子,医药保健--保健器械--轮椅,0,0
可孚铝合金三角拐杖KFSZ009带凳拐杖铝合金带座拐杖凳便携折叠椅子 标配,医药保健--保健器械--轮椅,0,0
U型坐便凳子 洗澡椅子老年人孕妇座便坐厕登 防滑,医药保健--保健器械--轮椅,0,0
高博士(GAO BO SHI)轮椅折叠轻便带坐便多功能老人便携残疾人手推代步车可全躺,医药保健--保健器械--轮椅,0,0
立减200元】可孚轮椅老年人轮椅车可折叠电动轮椅 进口PG残疾人老人手推车轮椅轻便智能代步四轮车红色【12A双电池】,医药保健--保健器械--轮椅,0,0
泰合 电动轮椅车折叠老人轻便老年人残疾人代步车带坐便锂电池铅酸可选 201A 20安铅酸电池,医药保健--保健器械--轮椅,0,0
立减200元】可孚轮椅折叠电动轮椅轻便电动轮椅车老人轮椅全自动智能四轮代步车A10中轮折叠高靠背12A电池Cofoe,医药保健--保健器械--轮椅,0,0
立减200元】可孚轮椅折叠电动轮椅轻便电动轮椅车老人手推车轮椅全自动智能四轮代步车 A3大轮高靠背12A电池【高靠背,医药保健--保健器械--轮椅,0,0
立减200元】可孚折叠电动轮椅轻便电动车老人全自动智能四轮代步车A10中轮 高靠背20A电池【折叠高靠背】Cofoe,医药保健--保健器械--轮椅,0,0
泰合 电动轮椅车折叠老人轻便老年人残疾人代步车带坐便锂电池铅酸可选 201A 20安铅酸电池,医药保健--保健器械--轮椅,0,0
泰合 电动轮椅车折叠老人轻便带坐便老年人残疾人代步车锂电池铅酸可选 201A 12安铅酸电池,医药保健--保健器械--轮椅,0,0
【飞机轮椅】可孚轮椅折叠轮椅车轻便老人飞机轮椅手提轮椅 便携代步轮椅手动轮椅小型手推车Cofoe,医药保健--保健器械--轮椅,0,0
鱼跃轮椅车H009B 老人轮椅折叠带坐便餐桌 可半躺手推代步车,医药保健--保健器械--轮椅,0,0
可孚 老人孕妇大便坐椅 ZC097,医药保健--保健器械--轮椅,0,0
高博士(GAO BO SHI)轮椅可折叠轻便老人带坐便残疾人多功能便携代步车可半躺,医药保健--保健器械--轮椅,0,0
立减200元可孚轮椅折叠电动轮椅轻便轮椅车电动轮椅车老人残疾人全自动智能四轮代步车A11大轮高靠背12A电池全躺高靠背】,医药保健--保健器械--轮椅,0,0
互邦(Hubang)电动轮椅HBLD3-B 双控轻便稳固锂电池老年人老人残疾人多功能折叠代步车,医药保健--保健器械--轮椅,0,0
轮椅车折叠老人轻便(加厚坐垫带座便踏板可调四组刹车),医药保健--保健器械--轮椅,0,0
带扶手马桶增高垫孕妇 老人坐便增高器坐便椅坐便器,医药保健--保健器械--轮椅,0,0
钢管轮椅车老人轻便可折叠 HY9110,医药保健--保健器械--轮椅,0,0
可孚逸稳轮椅轻便折叠带坐便餐桌老年人轮椅老人残疾人轮椅手推车 标配,医药保健--保健器械--轮椅,0,0
鱼跃(yuwell)铝合金框式助行工具可折叠YU710 标配,医药保健--保健器械--轮椅,0,0
孕妇残疾人坐便器椅老人坐便器产妇坐便器 标配,医药保健--保健器械--轮椅,0,0
迈德斯特 电动轮椅车 可折叠轻便 老人代步车 【手电两用】6015（电磁刹车 锂电池）,医药保健--保健器械--轮椅,0,0
老年人坐便椅座便椅坐便凳 孕妇残疾人折叠坐便器马桶厕椅子 豪华款,医药保健--保健器械--轮椅,0,0
贝珍电动轮椅 老年电动代步车 铝合金轻便可折叠 老人代步车锂电池BZ-6401升级纪念款 锂电池15安,医药保健--保健器械--轮椅,0,0
贝珍电动轮椅 老年电动代步车 铝合金轻便可折叠 老人代步车锂电池BZ-6401升级纪念款 锂电池30安,医药保健--保健器械--轮椅,0,0
电动轮椅车 高靠背可折叠 高靠背黑色6103,医药保健--保健器械--轮椅,0,0
王太医 老人轮椅车折叠 轻便带坐便器轮椅手动 低背带坐便,医药保健--保健器械--轮椅,0,0
鱼跃(YUWELL)轻便折叠轮椅2000 铝合金老人便携式儿童手推车户外折叠推车,医药保健--保健器械--轮椅,0,0
老年人坐便椅子坐便器孕妇洗澡椅凳子残疾人轮椅马桶椅座便椅O型座板坐,医药保健--保健器械--轮椅,0,0
日本松永MV2便携飞机火车 老人残疾人折叠轻便便携旅行轮椅,医药保健--保健器械--轮椅,0,0
坐便椅老人坐便器马桶椅孕妇洗澡沐浴椅子凳子,医药保健--保健器械--轮椅,0,0
老人坐便椅孕妇坐便器折叠残疾人马桶凳铝合金老年人洗澡椅子,医药保健--保健器械--轮椅,0,0
坐便椅孕妇洗澡椅老年人移动马桶座便椅子 坐便器,医药保健--保健器械--轮椅,0,0
带轮带座老人残疾人助步器架老年人四脚拐杖拐棍可折叠 洗澡椅,医药保健--保健器械--轮椅,0,0
老人孕妇坐便椅洗澡凳子,医药保健--保健器械--轮椅,0,0
可孚 老人家用坐便椅不锈钢防滑折叠带便桶坐便器 ZC065 标配,医药保健--保健器械--轮椅,0,0
防褥疮气垫翻身护理床防褥疮气垫床医用气垫,医药保健--保健器械--轮椅,0,0
电动轮椅车 高靠背 自动调节抬腿高靠背 6303适合年轻人 越障能力好,医药保健--保健器械--轮椅,0,0
坐便椅老年人孕妇坐便器凳沐浴洗澡椅子移动马桶,医药保健--保健器械--轮椅,0,0
老人洗澡椅子淋浴椅浴室凳子防滑老年残疾人洗浴沐浴椅孕妇洗澡凳,医药保健--保健器械--轮椅,0,0
电动轮椅车 轻便可折叠 电动轮椅 橙色6301,医药保健--保健器械--轮椅,0,0
老年人坐便椅折叠式大便椅座厕椅马桶凳子 黑色,医药保健--保健器械--轮椅,0,0
儿童 可折叠铝合金助行架 双扣JH-401 高度65-83cm,医药保健--保健器械--轮椅,0,0
泰合 电动轮椅车折叠老人轻便带坐便老年人残疾人代步车锂电池铅酸可选 201A 12安铅酸电池,医药保健--保健器械--轮椅,0,0
鱼跃轮椅车H062铝合金 轻便 带手刹 普通轮椅结实耐用可折叠助行,医药保健--保健器械--轮椅,0,0
MIKI三贵MYU-4多功能轮椅扶手可掀双层坐垫靠背可调节残疾人轮椅,医药保健--保健器械--轮椅,0,0
互邦(Hubang)电动轮椅HBLD1-D 轻便稳固可折叠老人残疾人老年人病人全躺代步车 豪华舒适,医药保健--保健器械--轮椅,0,0
互邦(Hubang)电动轮椅HBLD2-A/22智能全自动轻便折叠铝合金老年残疾人代步轮椅车豪华舒适,医药保健--保健器械--轮椅,0,0
贝珍BZ-6401N电动轮椅带坐便器残疾人老人折叠轻便便携老年代步车 铝合金材质30安锂电款,医药保健--保健器械--轮椅,0,0
上海贝珍beiz电动轮椅车BZ-6301 轻便折叠便携老年人残疾人代步车 12安铅酸电池款,医药保健--保健器械--轮椅,0,0
互邦(Hubang)电动轮椅HBLD2-A/22智能全自动轻便折叠铝合金老年残疾人代步轮椅车豪华舒适,医药保健--保健器械--轮椅,0,0
王太医 轮椅半躺式 手动手推轮椅 通用可折叠残疾人手推车 赠带餐桌 带坐便大轮稳固,医药保健--保健器械--轮椅,0,0
迈德斯特(MAIDESITE)电动轮椅6022 老年人残疾人折叠轻便代步车 锂电池手动电动切换助行车 充气轮胎带减震,医药保健--保健器械--轮椅,0,0
老年人坐便椅座便椅坐便凳 孕妇残疾人折叠坐便器马桶厕椅椅子 豪华升级款,医药保健--保健器械--轮椅,0,0
上海贝珍电动轮椅车BZ-6301 智能轻便折叠便携老年人残疾人代步车 12安锂电款,医药保健--保健器械--轮椅,0,0
贝珍BZ-6401N电动轮椅带坐便器残疾人老人折叠轻便便携老年代步车 铝合金材质12安铅酸电池款,医药保健--保健器械--轮椅,0,0
上海贝珍电动轮椅车BZ-6402全躺轮椅可折叠老人残疾人带坐便老人电动轮椅 6402款20安锂电,医药保健--保健器械--轮椅,0,0
鱼跃手动轮椅车H050型家用全钢管加固可折叠便携免充气式后轮轮椅,医药保健--保健器械--轮椅,0,0
上海贝珍电动轮椅车BZ-6301 智能轻便折叠便携老年人残疾人代步车 30安锂电款,医药保健--保健器械--轮椅,0,0
上海贝珍电动轮椅车BZ-6302全躺轮椅可折叠老人残疾人带坐便老人电动轮椅 6302款12安铅酸电池,医药保健--保健器械--轮椅,0,0
贝珍电动轮椅BZ-6402折叠轻便可平躺残疾人老年人智能代步车 6402款20安铅酸电池,医药保健--保健器械--轮椅,0,0
贝珍BZ-6401N电动轮椅带坐便器残疾人老人折叠轻便便携老年代步车 铝合金材质20安铅酸电池款,医药保健--保健器械--轮椅,0,0
贝珍BZ-6401电动轮椅带坐便器残疾人老人折叠轻便便携老年代步车 碳钢款20安锂电款,医药保健--保健器械--轮椅,0,0
上海贝珍电动轮椅车BZ-6402全躺轮椅可折叠老人残疾人带坐便老人电动轮椅 6402款30安锂电,医药保健--保健器械--轮椅,0,0
轮椅折叠轻便带坐便老人老年人便携残疾人轮椅车超轻手推车代步车 软扶手 黑帆布面,医药保健--保健器械--轮椅,0,0
上海贝珍电动轮椅车BZ-6302全躺轮椅可折叠老人残疾人带坐便老人电动轮椅 6302款20安锂电,医药保健--保健器械--轮椅,0,0
贝珍BZ-6401N电动轮椅带坐便器残疾人老人折叠轻便便携老年代步车 铝合金材质12安锂电款,医药保健--保健器械--轮椅,0,0
鱼跃轮椅车H058B型 可折叠轻便带坐便多功能带餐桌板轮椅车残疾人,医药保健--保健器械--轮椅,0,0
MiKi 三贵轮椅车MCS-47KJL轻便折叠扶手加宽残疾人老人轮椅 大轮款,医药保健--保健器械--轮椅,0,0
上海贝珍电动轮椅车BZ-6402全躺轮椅可折叠老人残疾人带坐便老人电动轮椅 6402款12安锂电,医药保健--保健器械--轮椅,0,0
贝珍电动轮椅BZ-6302折叠轻便可平躺残疾人老年人智能代步车 6302款12安锂电,医药保健--保健器械--轮椅,0,0
三贵MiKi手动轮椅车MPTWSW-47JL型 多功能可调 轻便折叠轮椅便携,医药保健--保健器械--轮椅,0,0
上海贝珍电动轮椅车BZ-6301 智能轻便折叠便携老年人残疾人代步车 20安锂电款,医药保健--保健器械--轮椅,0,0
高博士(GAO BO SHI)带坐便轮椅折叠老人轻便手动轮椅车老年人残疾人代步车多功能手推车 全躺款,医药保健--保健器械--轮椅,0,0
贝珍电动轮椅BZ-6302折叠轻便可平躺残疾人老年人智能代步车 6302款30安锂电,医药保健--保健器械--轮椅,0,0
上海贝珍电动轮椅车BZ-6302全躺轮椅可折叠老人残疾人带坐便老人电动轮椅 6302款20安铅酸电池,医药保健--保健器械--轮椅,0,0
贝珍电动轮椅BZ-6402折叠轻便可平躺残疾人老年人智能代步车 6402款12安铅酸电池,医药保健--保健器械--轮椅,0,0
MiKi 三贵轮椅车MCSC-47KJL轻便折叠扶手加宽残疾人老人轮椅 小轮款,医药保健--保健器械--轮椅,0,0
贝珍BZ-6401N电动轮椅带坐便器残疾人老人折叠轻便便携老年代步车 铝合金材质20安锂电款,医药保健--保健器械--轮椅,0,0
三贵Miki手动轮椅车 MSL-T16残疾人 全躺轮椅免充气航太铝轮椅,医药保健--保健器械--轮椅,0,0
鱼跃轮椅车H059B 折叠轻便带坐便多功能半躺型带餐桌板老年残疾人,医药保健--保健器械--轮椅,0,0
高博士(GAO BO SHI)带坐便轮椅折叠老人轻便手动轮椅车老年人残疾人代步车多功能手推车 半躺款,医药保健--保健器械--轮椅,0,0
三贵MiKi手动轮椅车MPTCWSW-47JL型 多功能可调 轻便折叠轮椅便携 小轮款,医药保健--保健器械--轮椅,0,0
鱼跃 轮椅车H053C 可折叠折背轻便 加强铝合金 老人用轮椅 手动普通轮椅,医药保健--保健器械--轮椅,0,0
高博士(GAO BO SHI)带坐便轮椅折叠老人轻便手动轮椅车老年人残疾人代步车多功能手推车 低背坐便餐桌款,医药保健--保健器械--轮椅,0,0
上海贝珍电动轮椅车BZ-6301 智能轻便折叠便携老年人残疾人代步车 20安铅酸电池款,医药保健--保健器械--轮椅,0,0
贝珍BZ-6401电动轮椅带坐便器残疾人老人折叠轻便便携老年代步车 碳钢材质30安锂电款,医药保健--保健器械--轮椅,0,0
泰合 电动轮椅车折叠带坐便老人轻便老年人残疾人代步车锂电池铅酸可选 201 12安铅酸电池,医药保健--保健器械--轮椅,0,0
贝珍BZ-6401电动轮椅带坐便器残疾人老人折叠轻便便携老年代步车 碳钢款12安锂电款,医药保健--保健器械--轮椅,0,0
老年人坐便椅座便椅坐便凳 孕妇残疾人折叠坐便器马桶厕椅子 黑色,医药保健--保健器械--轮椅,0,0
贝珍6401电动轮椅带坐便器残疾人老人折叠轻便便携老年代步车,医药保健--保健器械--轮椅,0,0
吉芮铝合金车架电动轮椅 超轻便折叠便携老人残疾人代步车 JRWD602,医药保健--保健器械--轮椅,0,0
鱼跃 铝合金轮椅车可折叠H031,医药保健--保健器械--轮椅,0,0
德国斯维驰智能电动轮椅铝合金轻便折叠轮椅便携老人残疾人代步车 手机双操控 一键折叠伸展 自动刹车,医药保健--保健器械--轮椅,0,0
贝珍电动轮椅 老年电动代步车 铝合金轻便可折叠 老人代步车锂电池BZ-6401升级纪念款 锂电池50安,医药保健--保健器械--轮椅,0,0
金尚喜 轮椅 折叠老人轻便可折叠软座 免充气轻便老人手动轮椅车代步车 红色,医药保健--保健器械--轮椅,0,0
可孚 轮椅轻便折叠老人电动轮椅车残疾人老年人电动代步车充气钢管智能四轮车 A3大轮12A锂电池,医药保健--保健器械--轮椅,0,0
可孚 轮椅轻便折叠老人电动轮椅车残疾人老年人电动代步车充气钢管智能四轮车 A10中轮20A铅酸电池,医药保健--保健器械--轮椅,0,0
鱼跃老人轮椅车可折叠H050 标配,医药保健--保健器械--轮椅,0,0
老年电动轮椅车残疾人代步车四轮车手动电动两用轮椅301,医药保健--保健器械--轮椅,0,0
衡互邦全躺轮椅折叠轻便带坐便多功能老人老年便携超轻残疾手推车半躺,医药保健--保健器械--轮椅,0,0
MIKI三贵轮椅MOCC-43JL免充气胎轮椅折叠轻便老人残疾人便携轮椅,医药保健--保健器械--轮椅,0,0
MIKI日本三贵手动轮椅MPT-43L航太铝合金轻便折叠便携老人轮椅车 蓝色款,医药保健--保健器械--轮椅,0,0
斯维驰SW1000S 老年电动代步车老人四轮助力车可折叠电瓶车带减震,医药保健--保健器械--轮椅,0,0
鱼跃H050轮椅折叠轻便便携超轻老年代步车,医药保健--保健器械--轮椅,0,0
立善超轻便电动轮椅可折叠双锂电池可上飞机重量25公斤携带方便铝合金老年残疾人四轮电动轮椅车 上海大型实体展厅可试驾自提,医药保健--保健器械--轮椅,0,0
鱼跃(yuwell)手动轮椅车 老年人代步车残疾人H056C,医药保健--保健器械--轮椅,0,0
可孚 轮椅轻便折叠老人电动轮椅车残疾人老年人电动代步车充气钢管智能四轮车 A11大轮全躺12A铅酸电池,医药保健--保健器械--轮椅,0,0
和美德系列铝合金老人轮椅折叠轻便携老年手动代步车免充气轮,医药保健--保健器械--轮椅,0,0
MIKI日本三贵手动轮椅MPT-43L航太铝合金轻便折叠便携老人轮椅车 红色,医药保健--保健器械--轮椅,0,0
鱼跃（YUWELL）轮椅H053C铝合金老人轻便小便携轮椅折叠手动老年代步手推车,医药保健--保健器械--轮椅,0,0
MIKI三贵轮椅MOCC-43JL-DX免充气胎轮椅折叠轻便老人残疾人便携轮椅,医药保健--保健器械--轮椅,0,0
MIKI日本三贵手动轮椅MPT-43JL航太铝合金轻便折叠便携老人轮椅车 红色款,医药保健--保健器械--轮椅,0,0
老年人洗澡椅子沐浴椅残疾人孕妇浴室洗浴洗澡凳子,医药保健--保健器械--轮椅,0,0
康扬轮椅KM-5000.2折叠轻便 便携多功能铝合金全躺高靠背 轮椅车,医药保健--保健器械--轮椅,0,0
雅德 铝合金防锈洗澡凳 残疾人老年人孕妇淋浴椅子 防滑可调高洗澡椅家用 可折叠款,医药保健--保健器械--轮椅,0,0
鱼跃(YUWELL)电动轮椅D130H 全自动 折叠轻便多功能便携 残疾人老人代步车,医药保健--保健器械--轮椅,0,0
康扬轮椅车KM-1520.3T折叠轻便高靠背残疾人老年人代步车手推车,医药保健--保健器械--轮椅,0,0
康扬轮椅航太铝合金轻便折叠轮椅车老人残疾人代步多功能便携轮椅,医药保健--保健器械--轮椅,0,0
吉芮老年电动轮椅残疾人代步车轻便结实可折叠JRWD1001,医药保健--保健器械--轮椅,0,0
手动轮椅可折叠轻便老人代步车,医药保健--保健器械--轮椅,0,0
老人孕妇残疾人坐便凳坐便器移动马桶坐厕,医药保健--保健器械--轮椅,0,0
可孚逸巧铝合金可折叠便携式老年人代步车轮椅车,医药保健--保健器械--轮椅,0,0
鱼跃(YUWELL)轮椅车H058B型 可折叠轻便带坐便多功能带餐桌板轮椅车残疾人,医药保健--保健器械--轮椅,0,0
金尚喜 轮椅 折叠老人轻便可折叠软座 免充气轻便老人手动轮椅车代步车 红色,医药保健--保健器械--轮椅,0,0
吉芮 电动轮椅 老年人代步车可折叠轻便 脑梗塞康复器材 助行轮椅四轮,医药保健--保健器械--轮椅,0,0
株木坐便椅老年人孕妇坐便器洗澡沐浴椅子凳子,医药保健--保健器械--轮椅,0,0
护理床餐桌床边桌电脑桌可移动升降床边桌懒人桌笔记本边桌老人床边护理桌餐边桌,医药保健--保健器械--轮椅,0,0
迈乐步老年电动轮椅折叠轻便智能全自动老人残疾人代步车便携超轻双人残疾人电动轮椅车 实体展厅,医药保健--保健器械--轮椅,0,0
儿童站立架 脑瘫儿童康复训练器材,医药保健--保健器械--轮椅,0,0
吉芮 电动轮椅1802 可半躺可全躺 老人残疾人代步车 轻便可折叠可调 便捷,医药保健--保健器械--轮椅,0,0
吉芮 电动轮椅 老年人残疾人家用医用可折叠轻便老人代步车铅酸可选配坐便器电动抬腿电动靠背可躺,医药保健--保健器械--轮椅,0,0
迈德斯特 电动轮椅车 可折叠轻便 老人代步车 【锂电池】6010,医药保健--保健器械--轮椅,0,0
和美德电动轮椅残疾人老年人电动车锂电池电动轮椅轻便折叠小巧,医药保健--保健器械--轮椅,0,0
四脚老人助步器带轮带座 行走辅助器 四脚学步车,医药保健--保健器械--轮椅,0,0
yuyue鱼跃轮椅H059B高靠背折叠轻便带坐便厕老年人残疾人手推车稳固,医药保健--保健器械--轮椅,0,0
雅德 铝合金防锈洗澡凳 残疾人老年人孕妇淋浴椅子 防滑可调高洗澡椅家用 可折叠款,医药保健--保健器械--轮椅,0,0
老人轮椅车轻便便携残疾人代步车,医药保健--保健器械--轮椅,0,0
邯康N5513电动轮椅轻便折叠双锂电池可上飞机重量19公斤携带方便铝合金老年残疾人四轮电动轮椅车,医药保健--保健器械--轮椅,0,0
加厚坐便椅子座便器 老年人残疾人孕妇移动马桶洗澡椅 承重加强款,医药保健--保健器械--轮椅,0,0
吉芮电动轮椅 老年人残疾人代步车可折叠平躺安全 便捷式 D601,医药保健--保健器械--轮椅,0,0
鱼跃 老人轮椅残疾人手动轮椅车带折背 标配,医药保健--保健器械--轮椅,0,0
三贵MiKi航太铝合金轮椅MOCC-43JL老人可折叠轻便旅行轮椅,医药保健--保健器械--轮椅,0,0
雅德 坐便椅 老人孕妇带轮移动坐便器 铝合金折叠椅洗澡凳子可推便凳偏瘫康复坐厕轮椅带坐便器 YC7808带大轮带后推手,医药保健--保健器械--轮椅,0,0
迈德斯特 电动轮椅车 可折叠轻便 老人代步车 【锂电池】高靠背 全躺型 6013,医药保健--保健器械--轮椅,0,0
可孚 轮椅轻便折叠老人电动轮椅车残疾人老年人电动代步车充气钢管智能四轮车 A10中轮12A铅酸电池,医药保健--保健器械--轮椅,0,0
老人带轮拐杖残疾人扶手架学步车,医药保健--保健器械--轮椅,0,0
雅德 坐便椅 老人孕妇带轮移动坐便器 铝合金折叠椅洗澡凳子可推便凳偏瘫康复坐厕轮椅带坐便器 YC7808带大轮带后推手,医药保健--保健器械--轮椅,0,0
衡互邦轮椅折叠轻便带坐便老人老年人便携残疾人轮椅车超轻手推车黑灰,医药保健--保健器械--轮椅,0,0
三贵miki多功能老年轮椅车MCVWSW-49JL可折叠轮椅车 扶手可掀轮椅,医药保健--保健器械--轮椅,0,0
王太医检查床门诊床,医药保健--保健器械--轮椅,0,0
雅德 坐便椅 老人孕妇残疾人折叠坐便器马桶厕椅大便椅高度可调节 新款铝合金 YC7900,医药保健--保健器械--轮椅,0,0
MIKI日本三贵手动轮椅MPT-43JL航太铝合金轻便折叠便携老人轮椅车 蓝格款,医药保健--保健器械--轮椅,0,0
日本三贵MiKi老年旅行轮椅折叠轻便便携超轻MOCC-43jl老人手推车,医药保健--保健器械--轮椅,0,0
雅德 铝合金防锈洗澡凳 残疾人老年人孕妇淋浴椅子 防滑可调高洗澡椅家用 可折叠款,医药保健--保健器械--轮椅,0,0
王太医美容床美容车,医药保健--保健器械--轮椅,0,0
可孚ZC066老人孕妇折叠加厚钢管防滑折叠带便桶 标配,医药保健--保健器械--轮椅,0,0
可孚 轮椅轻便折叠老人电动轮椅车残疾人老年人电动代步车充气钢管智能四轮车 A10中轮20A铅酸电池 高靠背黑色,医药保健--保健器械--轮椅,0,0
鱼跃(YUYUE)椅折叠轻便铝合金H056C老年轮椅轻便手推车便携老人轮椅车,医药保健--保健器械--轮椅,0,0
吉芮 电动轮椅 老年人残疾人家用医用可折叠轻便老人代步车铅酸可选配坐便器,医药保健--保健器械--轮椅,0,0
MIKI三贵轮椅车LS-1航太铝合金超轻便折叠老年轮椅可折背老人轮椅,医药保健--保健器械--轮椅,0,0
康扬轮椅车SM-150.3F22折叠轻便便携航太铝合金超轻老年人手推车,医药保健--保健器械--轮椅,0,0
高博士老人康复助行架拐杖,医药保健--保健器械--轮椅,0,0
MIKI三贵轮椅MPTC-46JL小轮轻便轮椅残疾人免充气航太铝合金轮椅 红色款,医药保健--保健器械--轮椅,0,0
迈德斯特 电动轮椅车 可折叠轻便 老人代步车 【铅酸电池】高靠背 全躺型 6012,医药保健--保健器械--轮椅,0,0
MIKI三贵MPT-47JL(KF)可折背款航太铝合金轮椅轻便可折叠残疾人轮椅 大轮款,医药保健--保健器械--轮椅,0,0
可孚 可折叠高强度钢管家用老人孕妇坐便器ZC099 标配,医药保健--保健器械--轮椅,0,0
康扬(KARMA)轮椅SM-150.3 F16免充气折叠轻便铝合金便携老年手动轮椅车 可折电动,医药保健--保健器械--轮椅,0,0
邯康电动轮椅C500轻便电动折叠双锂电池可上飞机重量20公斤携带方便铝合金老年残疾人四轮电动轮椅车,医药保健--保健器械--轮椅,0,0
实木坐便椅老年人孕妇残疾人坐便凳座便器坐厕洗澡椅子凳子沐浴椅,医药保健--保健器械--轮椅,0,0
贝珍电动轮椅 老年电动代步车 铝合金轻便可折叠 老人代步车锂电池BZ-6401升级纪念款 铅酸电池12安,医药保健--保健器械--轮椅,0,0
鱼跃轮椅 带坐便多功能折叠轻便便携可全躺瘫痪轮椅手推车 全躺款,医药保健--保健器械--轮椅,0,0
可孚 轮椅轻便折叠老人电动轮椅车残疾人老年人电动代步车充气钢管智能四轮车 A3大轮12A铅酸电池 高靠背黑色,医药保健--保健器械--轮椅,0,0
电动轮椅老人,医药保健--保健器械--轮椅,0,0
MIKI日本三贵手动轮椅MPT-43JL航太铝合金轻便折叠便携老人轮椅车 蓝色款,医药保健--保健器械--轮椅,0,0
日本三贵MIKI手动轮椅LS-2折叠轻便便携家用老人残疾人手推代步车 大轮款,医药保健--保健器械--轮椅,0,0
康扬轮椅KM-5000 F24 轻便折叠可全躺 老人骨科脚手推代步轮椅车,医药保健--保健器械--轮椅,0,0
电动轮椅车 可折叠轻便 老人代步车 【铅酸电池】6009,医药保健--保健器械--轮椅,0,0
可孚 老人孕妇坐便器 可折叠方便坐便椅 标配,医药保健--保健器械--轮椅,0,0
MIKI三贵轮椅车 MOCC-43带坐便器 铝合金折叠轻便老年人手推车洗澡椅,医药保健--保健器械--轮椅,0,0
可孚 轮椅轻便折叠老人电动轮椅车残疾人老年人电动代步车充气钢管智能四轮车 A3大轮20A锂电池,医药保健--保健器械--轮椅,0,0
可孚 老人坐便椅 孕妇坐便器可折叠 标配,医药保健--保健器械--轮椅,0,0
日本松永MV888便携飞机火车 老人残疾人折叠轻便便携旅行轮椅,医药保健--保健器械--轮椅,0,0
可孚 家用坐便椅老人孕妇马桶凳 标配,医药保健--保健器械--轮椅,0,0
可孚 轮椅轻便折叠老人电动轮椅车残疾人老年人电动代步车充气钢管智能四轮车 A3大轮20A铅酸电池,医药保健--保健器械--轮椅,0,0
可孚 逸动加厚钢管折叠便携轮椅老年人代步车手推轮椅 标配,医药保健--保健器械--轮椅,0,0
MIKI三贵MPT-47JL可折背款航太铝合金轮椅轻便可折叠残疾人轮椅 小轮款,医药保健--保健器械--轮椅,0,0
三贵MIKI手动轮椅车MCV-49JL老人代步车轻便折叠免充气轮老年轮椅,医药保健--保健器械--轮椅,0,0
老人助推车带轮学步车四脚,医药保健--保健器械--轮椅,0,0
两折四折钢管担架加厚铝合金不锈钢医用多功能折叠担架车,医药保健--保健器械--轮椅,0,0
铝合金折叠坐便椅子老人孕妇洗澡椅子座便凳子沐浴座厕椅,医药保健--保健器械--轮椅,0,0
雅德 坐便椅 老人孕妇带轮移动坐便器 铝合金折叠椅洗澡凳子可推便凳偏瘫康复坐厕轮椅带坐便器 YC7808带大轮带后推手,医药保健--保健器械--轮椅,0,0
雅德 坐便椅老人孕妇坐便器病人轻便可折叠残疾人移动马桶椅子老年坐厕洗浴椅 YC7200（三件套）,医药保健--保健器械--轮椅,0,0
带坐便轮椅折叠老人轻便铝合金老年残疾人代步车,医药保健--保健器械--轮椅,0,0
衡互邦轮椅折叠轻便带坐便老人老年人便携残疾人轮椅车超轻手推车红色,医药保健--保健器械--轮椅,0,0
雅德 铝合金防锈洗澡凳 残疾人老年人孕妇淋浴椅子 防滑可调高洗澡椅家用 可折叠款,医药保健--保健器械--轮椅,0,0
防滑坐便椅老人坐便器 标配,医药保健--保健器械--轮椅,0,0
金尚喜 轮椅 折叠老人轻便可折叠软座 免充气轻便老人手动轮椅车代步车 黑灰色,医药保健--保健器械--轮椅,0,0
吉芮电动轮椅折叠老人轻便带坐便老年残疾人电动轮椅车1801,医药保健--保健器械--轮椅,0,0
雅德 铝合金防锈洗澡凳 残疾人老年人孕妇淋浴椅子 防滑可调高洗澡椅家用 可折叠款,医药保健--保健器械--轮椅,0,0
买菜车 老年购物车 DS910 爬楼轮式,医药保健--保健器械--轮椅,0,0
可孚老年人轮椅车可折叠,医药保健--保健器械--轮椅,0,0
鱼跃(YUYUE)折叠轻便便携超轻老年代步车 残疾人轮椅车H050C新款轮椅,医药保健--保健器械--轮椅,0,0
电动轮椅车 老年人残疾人电动车轮椅 家用医用可折叠轻便老人代步车电瓶车,医药保健--保健器械--轮椅,0,0
yuyue鱼跃轮椅HO62C铝合金轻便折叠便携老人残疾人代步手推轮椅车,医药保健--保健器械--轮椅,0,0
吉芮 电动轮椅老人残疾人代步车进口电机折叠轻便JRWD501,医药保健--保健器械--轮椅,0,0
MIKI三贵轮椅MC-43KJ老人残疾人折叠轻便便携手推车铝合金手动轮椅小轮款,医药保健--保健器械--轮椅,0,0
迈德斯特 电动轮椅车 可折叠轻便 老人代步车 【手电两用】6014（电磁刹车 铅酸电池）,医药保健--保健器械--轮椅,0,0
5519锂电池电动轮椅车飞机可折叠轻便便携老人代步车残疾人,医药保健--保健器械--轮椅,0,0
吉芮电动轮椅 老年代步车残疾人双驱轻便折叠四轮轮椅JRWD1002,医药保健--保健器械--轮椅,0,0
康扬轮椅KM-2501折叠轻便便携超轻老年人航太铝合金手推车代步车,医药保健--保健器械--轮椅,0,0
康扬轮椅KM-1502折叠轻便免充气铝合金代步车老年残疾人手推车,医药保健--保健器械--轮椅,0,0
可孚 老人坐便椅 家用孕妇坐便器 标配,医药保健--保健器械--轮椅,0,0
三贵MIKI手动轮椅车MPTWSW-45HUS扶手可掀搁脚可卸残疾人胖人轮椅,医药保健--保健器械--轮椅,0,0
吉芮电动轮椅折叠轻 便智能全自动电动老年 残疾人老人代步车黑色电动抬腿电动靠背,医药保健--保健器械--轮椅,0,0
三贵MIKI轮椅MPTC-46JL折叠老人便携旅行轻便轮椅车残疾人便携手推轮椅,医药保健--保健器械--轮椅,0,0
吉芮老年人代步车四轮残疾人电瓶车老人助力电动车折叠智能迷你,医药保健--保健器械--轮椅,0,0
wisking/威之群电动轮椅 1023-15老年残疾人四轮电动代步车,医药保健--保健器械--轮椅,0,0
360度旋转洗澡凳子 老年人孕妇沐浴洗澡椅子 洗浴凳,医药保健--保健器械--轮椅,0,0
康扬(KARMA)轮椅KM-8520/X折叠轻便老年人手推车残疾人航太铝合金代步车 大轮稳固【全国联保】,医药保健--保健器械--轮椅,0,0
雅德 孕妇座便椅 残疾人老人坐便椅可折叠老年坐便器洗澡椅盆便携式移动马桶椅坐厕器可调坐浴椅子 铝合金款YC7802H,医药保健--保健器械--轮椅,0,0
鱼跃(YUYUE)轮椅车H059B 折叠轻便带坐便多功能半躺型带餐桌板老年残疾人,医药保健--保健器械--轮椅,0,0
yuyue鱼跃轮椅H056C便携式折叠轻便铝合金小轮手动轮椅车,医药保健--保健器械--轮椅,0,0
老人购物车 老人助行车 DS510,医药保健--保健器械--轮椅,0,0
三贵Miki手动轮椅车 MSL-T22残疾人 全躺轮椅免充气航太铝轮椅,医药保健--保健器械--轮椅,0,0
手动轮椅高靠背折叠加厚坐垫带便孔24寸,医药保健--保健器械--轮椅,0,0
雅德 坐便椅老人孕妇坐便器病人轻便可折叠残疾人移动马桶椅子老年坐厕洗浴椅 YC7200（基础款）,医药保健--保健器械--轮椅,0,0
鱼跃D130HL电动轮椅残疾老人代步车智能全自动锂电池轻便便携折叠,医药保健--保健器械--轮椅,0,0
和美德系列铝合金老人轮椅折叠轻便携老年手动代步车免充气轮,医药保健--保健器械--轮椅,0,0
MIKI日本三贵手动轮椅MPT-43L航太铝合金轻便折叠便携老人轮椅车 红色,医药保健--保健器械--轮椅,0,0
鱼跃（YUWELL）轮椅H053C铝合金老人轻便小便携轮椅折叠手动老年代步手推车,医药保健--保健器械--轮椅,0,0
MIKI三贵轮椅MOCC-43JL-DX免充气胎轮椅折叠轻便老人残疾人便携轮椅,医药保健--保健器械--轮椅,0,0
MIKI日本三贵手动轮椅MPT-43JL航太铝合金轻便折叠便携老人轮椅车 红色款,医药保健--保健器械--轮椅,0,0
老年人洗澡椅子沐浴椅残疾人孕妇浴室洗浴洗澡凳子,医药保健--保健器械--轮椅,0,0
康扬轮椅KM-5000.2折叠轻便 便携多功能铝合金全躺高靠背 轮椅车,医药保健--保健器械--轮椅,0,0
雅德 铝合金防锈洗澡凳 残疾人老年人孕妇淋浴椅子 防滑可调高洗澡椅家用 可折叠款,医药保健--保健器械--轮椅,0,0
鱼跃(YUWELL)电动轮椅D130H 全自动 折叠轻便多功能便携 残疾人老人代步车,医药保健--保健器械--轮椅,0,0
康扬轮椅车KM-1520.3T折叠轻便高靠背残疾人老年人代步车手推车,医药保健--保健器械--轮椅,0,0
康扬轮椅航太铝合金轻便折叠轮椅车老人残疾人代步多功能便携轮椅,医药保健--保健器械--轮椅,0,0
吉芮老年电动轮椅残疾人代步车轻便结实可折叠JRWD1001,医药保健--保健器械--轮椅,0,0
手动轮椅可折叠轻便老人代步车,医药保健--保健器械--轮椅,0,0
老人孕妇残疾人坐便凳坐便器移动马桶坐厕,医药保健--保健器械--轮椅,0,0
可孚逸巧铝合金可折叠便携式老年人代步车轮椅车,医药保健--保健器械--轮椅,0,0
鱼跃(YUWELL)轮椅车H058B型 可折叠轻便带坐便多功能带餐桌板轮椅车残疾人,医药保健--保健器械--轮椅,0,0
金尚喜 轮椅 折叠老人轻便可折叠软座 免充气轻便老人手动轮椅车代步车 红色,医药保健--保健器械--轮椅,0,0
吉芮 电动轮椅 老年人代步车可折叠轻便 脑梗塞康复器材 助行轮椅四轮,医药保健--保健器械--轮椅,0,0
株木坐便椅老年人孕妇坐便器洗澡沐浴椅子凳子,医药保健--保健器械--轮椅,0,0
护理床餐桌床边桌电脑桌可移动升降床边桌懒人桌笔记本边桌老人床边护理桌餐边桌,医药保健--保健器械--轮椅,0,0
迈乐步老年电动轮椅折叠轻便智能全自动老人残疾人代步车便携超轻双人残疾人电动轮椅车 实体展厅,医药保健--保健器械--轮椅,0,0
儿童站立架 脑瘫儿童康复训练器材,医药保健--保健器械--轮椅,0,0
吉芮 电动轮椅1802 可半躺可全躺 老人残疾人代步车 轻便可折叠可调 便捷,医药保健--保健器械--轮椅,0,0
吉芮 电动轮椅 老年人残疾人家用医用可折叠轻便老人代步车铅酸可选配坐便器电动抬腿电动靠背可躺,医药保健--保健器械--轮椅,0,0
迈德斯特 电动轮椅车 可折叠轻便 老人代步车 【锂电池】6010,医药保健--保健器械--轮椅,0,0
和美德电动轮椅残疾人老年人电动车锂电池电动轮椅轻便折叠小巧,医药保健--保健器械--轮椅,0,0
四脚老人助步器带轮带座 行走辅助器 四脚学步车,医药保健--保健器械--轮椅,0,0
yuyue鱼跃轮椅H059B高靠背折叠轻便带坐便厕老年人残疾人手推车稳固,医药保健--保健器械--轮椅,0,0
雅德 铝合金防锈洗澡凳 残疾人老年人孕妇淋浴椅子 防滑可调高洗澡椅家用 可折叠款,医药保健--保健器械--轮椅,0,0
老人轮椅车轻便便携残疾人代步车,医药保健--保健器械--轮椅,0,0
邯康N5513电动轮椅轻便折叠双锂电池可上飞机重量19公斤携带方便铝合金老年残疾人四轮电动轮椅车,医药保健--保健器械--轮椅,0,0
加厚坐便椅子座便器 老年人残疾人孕妇移动马桶洗澡椅 承重加强款,医药保健--保健器械--轮椅,0,0
吉芮电动轮椅 老年人残疾人代步车可折叠平躺安全 便捷式 D601,医药保健--保健器械--轮椅,0,0
鱼跃 老人轮椅残疾人手动轮椅车带折背 标配,医药保健--保健器械--轮椅,0,0
三贵MiKi航太铝合金轮椅MOCC-43JL老人可折叠轻便旅行轮椅,医药保健--保健器械--轮椅,0,0
雅德 坐便椅 老人孕妇带轮移动坐便器 铝合金折叠椅洗澡凳子可推便凳偏瘫康复坐厕轮椅带坐便器 YC7808带大轮带后推手,医药保健--保健器械--轮椅,0,0
迈德斯特 电动轮椅车 可折叠轻便 老人代步车 【锂电池】高靠背 全躺型 6013,医药保健--保健器械--轮椅,0,0
可孚 轮椅轻便折叠老人电动轮椅车残疾人老年人电动代步车充气钢管智能四轮车 A10中轮12A铅酸电池,医药保健--保健器械--轮椅,0,0
老人带轮拐杖残疾人扶手架学步车,医药保健--保健器械--轮椅,0,0
雅德 坐便椅 老人孕妇带轮移动坐便器 铝合金折叠椅洗澡凳子可推便凳偏瘫康复坐厕轮椅带坐便器 YC7808带大轮带后推手,医药保健--保健器械--轮椅,0,0
衡互邦轮椅折叠轻便带坐便老人老年人便携残疾人轮椅车超轻手推车黑灰,医药保健--保健器械--轮椅,0,0
三贵miki多功能老年轮椅车MCVWSW-49JL可折叠轮椅车 扶手可掀轮椅,医药保健--保健器械--轮椅,0,0
王太医检查床门诊床,医药保健--保健器械--轮椅,0,0
雅德 坐便椅 老人孕妇残疾人折叠坐便器马桶厕椅大便椅高度可调节 新款铝合金 YC7900,医药保健--保健器械--轮椅,0,0
MIKI日本三贵手动轮椅MPT-43JL航太铝合金轻便折叠便携老人轮椅车 蓝格款,医药保健--保健器械--轮椅,0,0
日本三贵MiKi老年旅行轮椅折叠轻便便携超轻MOCC-43jl老人手推车,医药保健--保健器械--轮椅,0,0
雅德 铝合金防锈洗澡凳 残疾人老年人孕妇淋浴椅子 防滑可调高洗澡椅家用 可折叠款,医药保健--保健器械--轮椅,0,0
王太医美容床美容车,医药保健--保健器械--轮椅,0,0
可孚ZC066老人孕妇折叠加厚钢管防滑折叠带便桶 标配,医药保健--保健器械--轮椅,0,0
可孚 轮椅轻便折叠老人电动轮椅车残疾人老年人电动代步车充气钢管智能四轮车 A10中轮20A铅酸电池 高靠背黑色,医药保健--保健器械--轮椅,0,0
鱼跃(YUYUE)椅折叠轻便铝合金H056C老年轮椅轻便手推车便携老人轮椅车,医药保健--保健器械--轮椅,0,0
吉芮 电动轮椅 老年人残疾人家用医用可折叠轻便老人代步车铅酸可选配坐便器,医药保健--保健器械--轮椅,0,0
MIKI三贵轮椅车LS-1航太铝合金超轻便折叠老年轮椅可折背老人轮椅,医药保健--保健器械--轮椅,0,0
康扬轮椅车SM-150.3F22折叠轻便便携航太铝合金超轻老年人手推车,医药保健--保健器械--轮椅,0,0
高博士老人康复助行架拐杖,医药保健--保健器械--轮椅,0,0
MIKI三贵轮椅MPTC-46JL小轮轻便轮椅残疾人免充气航太铝合金轮椅 红色款,医药保健--保健器械--轮椅,0,0
迈德斯特 电动轮椅车 可折叠轻便 老人代步车 【铅酸电池】高靠背 全躺型 6012,医药保健--保健器械--轮椅,0,0
MIKI三贵MPT-47JL(KF)可折背款航太铝合金轮椅轻便可折叠残疾人轮椅 大轮款,医药保健--保健器械--轮椅,0,0
可孚 可折叠高强度钢管家用老人孕妇坐便器ZC099 标配,医药保健--保健器械--轮椅,0,0
康扬(KARMA)轮椅SM-150.3 F16免充气折叠轻便铝合金便携老年手动轮椅车 可折电动,医药保健--保健器械--轮椅,0,0
邯康电动轮椅C500轻便电动折叠双锂电池可上飞机重量20公斤携带方便铝合金老年残疾人四轮电动轮椅车,医药保健--保健器械--轮椅,0,0
实木坐便椅老年人孕妇残疾人坐便凳座便器坐厕洗澡椅子凳子沐浴椅,医药保健--保健器械--轮椅,0,0
贝珍电动轮椅 老年电动代步车 铝合金轻便可折叠 老人代步车锂电池BZ-6401升级纪念款 铅酸电池12安,医药保健--保健器械--轮椅,0,0
鱼跃轮椅 带坐便多功能折叠轻便便携可全躺瘫痪轮椅手推车 全躺款,医药保健--保健器械--轮椅,0,0
可孚 轮椅轻便折叠老人电动轮椅车残疾人老年人电动代步车充气钢管智能四轮车 A3大轮12A铅酸电池 高靠背黑色,医药保健--保健器械--轮椅,0,0
电动轮椅老人,医药保健--保健器械--轮椅,0,0
MIKI日本三贵手动轮椅MPT-43JL航太铝合金轻便折叠便携老人轮椅车 蓝色款,医药保健--保健器械--轮椅,0,0
日本三贵MIKI手动轮椅LS-2折叠轻便便携家用老人残疾人手推代步车 大轮款,医药保健--保健器械--轮椅,0,0
康扬轮椅KM-5000 F24 轻便折叠可全躺 老人骨科脚手推代步轮椅车,医药保健--保健器械--轮椅,0,0
电动轮椅车 可折叠轻便 老人代步车 【铅酸电池】6009,医药保健--保健器械--轮椅,0,0
可孚 老人孕妇坐便器 可折叠方便坐便椅 标配,医药保健--保健器械--轮椅,0,0
MIKI三贵轮椅车 MOCC-43带坐便器 铝合金折叠轻便老年人手推车洗澡椅,医药保健--保健器械--轮椅,0,0
可孚 轮椅轻便折叠老人电动轮椅车残疾人老年人电动代步车充气钢管智能四轮车 A3大轮20A锂电池,医药保健--保健器械--轮椅,0,0
可孚 老人坐便椅 孕妇坐便器可折叠 标配,医药保健--保健器械--轮椅,0,0
日本松永MV888便携飞机火车 老人残疾人折叠轻便便携旅行轮椅,医药保健--保健器械--轮椅,0,0
可孚 家用坐便椅老人孕妇马桶凳 标配,医药保健--保健器械--轮椅,0,0
可孚 轮椅轻便折叠老人电动轮椅车残疾人老年人电动代步车充气钢管智能四轮车 A3大轮20A铅酸电池,医药保健--保健器械--轮椅,0,0
可孚 逸动加厚钢管折叠便携轮椅老年人代步车手推轮椅 标配,医药保健--保健器械--轮椅,0,0
MIKI三贵MPT-47JL可折背款航太铝合金轮椅轻便可折叠残疾人轮椅 小轮款,医药保健--保健器械--轮椅,0,0
三贵MIKI手动轮椅车MCV-49JL老人代步车轻便折叠免充气轮老年轮椅,医药保健--保健器械--轮椅,0,0
老人助推车带轮学步车四脚,医药保健--保健器械--轮椅,0,0
两折四折钢管担架加厚铝合金不锈钢医用多功能折叠担架车,医药保健--保健器械--轮椅,0,0
铝合金折叠坐便椅子老人孕妇洗澡椅子座便凳子沐浴座厕椅,医药保健--保健器械--轮椅,0,0
雅德 坐便椅 老人孕妇带轮移动坐便器 铝合金折叠椅洗澡凳子可推便凳偏瘫康复坐厕轮椅带坐便器 YC7808带大轮带后推手,医药保健--保健器械--轮椅,0,0
雅德 坐便椅老人孕妇坐便器病人轻便可折叠残疾人移动马桶椅子老年坐厕洗浴椅 YC7200（三件套）,医药保健--保健器械--轮椅,0,0
带坐便轮椅折叠老人轻便铝合金老年残疾人代步车,医药保健--保健器械--轮椅,0,0
衡互邦轮椅折叠轻便带坐便老人老年人便携残疾人轮椅车超轻手推车红色,医药保健--保健器械--轮椅,0,0
雅德 铝合金防锈洗澡凳 残疾人老年人孕妇淋浴椅子 防滑可调高洗澡椅家用 可折叠款,医药保健--保健器械--轮椅,0,0
防滑坐便椅老人坐便器 标配,医药保健--保健器械--轮椅,0,0
金尚喜 轮椅 折叠老人轻便可折叠软座 免充气轻便老人手动轮椅车代步车 黑灰色,医药保健--保健器械--轮椅,0,0
吉芮电动轮椅折叠老人轻便带坐便老年残疾人电动轮椅车1801,医药保健--保健器械--轮椅,0,0
雅德 铝合金防锈洗澡凳 残疾人老年人孕妇淋浴椅子 防滑可调高洗澡椅家用 可折叠款,医药保健--保健器械--轮椅,0,0
买菜车 老年购物车 DS910 爬楼轮式,医药保健--保健器械--轮椅,0,0
可孚老年人轮椅车可折叠,医药保健--保健器械--轮椅,0,0
鱼跃(YUYUE)折叠轻便便携超轻老年代步车 残疾人轮椅车H050C新款轮椅,医药保健--保健器械--轮椅,0,0
电动轮椅车 老年人残疾人电动车轮椅 家用医用可折叠轻便老人代步车电瓶车,医药保健--保健器械--轮椅,0,0
yuyue鱼跃轮椅HO62C铝合金轻便折叠便携老人残疾人代步手推轮椅车,医药保健--保健器械--轮椅,0,0
吉芮 电动轮椅老人残疾人代步车进口电机折叠轻便JRWD501,医药保健--保健器械--轮椅,0,0
MIKI三贵轮椅MC-43KJ老人残疾人折叠轻便便携手推车铝合金手动轮椅小轮款,医药保健--保健器械--轮椅,0,0
迈德斯特 电动轮椅车 可折叠轻便 老人代步车 【手电两用】6014（电磁刹车 铅酸电池）,医药保健--保健器械--轮椅,0,0
5519锂电池电动轮椅车飞机可折叠轻便便携老人代步车残疾人,医药保健--保健器械--轮椅,0,0
吉芮电动轮椅 老年代步车残疾人双驱轻便折叠四轮轮椅JRWD1002,医药保健--保健器械--轮椅,0,0
康扬轮椅KM-2501折叠轻便便携超轻老年人航太铝合金手推车代步车,医药保健--保健器械--轮椅,0,0
康扬轮椅KM-1502折叠轻便免充气铝合金代步车老年残疾人手推车,医药保健--保健器械--轮椅,0,0
可孚 老人坐便椅 家用孕妇坐便器 标配,医药保健--保健器械--轮椅,0,0
三贵MIKI手动轮椅车MPTWSW-45HUS扶手可掀搁脚可卸残疾人胖人轮椅,医药保健--保健器械--轮椅,0,0
吉芮电动轮椅折叠轻 便智能全自动电动老年 残疾人老人代步车黑色电动抬腿电动靠背,医药保健--保健器械--轮椅,0,0
三贵MIKI轮椅MPTC-46JL折叠老人便携旅行轻便轮椅车残疾人便携手推轮椅,医药保健--保健器械--轮椅,0,0
吉芮老年人代步车四轮残疾人电瓶车老人助力电动车折叠智能迷你,医药保健--保健器械--轮椅,0,0
wisking/威之群电动轮椅 1023-15老年残疾人四轮电动代步车,医药保健--保健器械--轮椅,0,0
360度旋转洗澡凳子 老年人孕妇沐浴洗澡椅子 洗浴凳,医药保健--保健器械--轮椅,0,0
康扬(KARMA)轮椅KM-8520/X折叠轻便老年人手推车残疾人航太铝合金代步车 大轮稳固【全国联保】,医药保健--保健器械--轮椅,0,0
雅德 孕妇座便椅 残疾人老人坐便椅可折叠老年坐便器洗澡椅盆便携式移动马桶椅坐厕器可调坐浴椅子 铝合金款YC7802H,医药保健--保健器械--轮椅,0,0
鱼跃(YUYUE)轮椅车H059B 折叠轻便带坐便多功能半躺型带餐桌板老年残疾人,医药保健--保健器械--轮椅,0,0
yuyue鱼跃轮椅H056C便携式折叠轻便铝合金小轮手动轮椅车,医药保健--保健器械--轮椅,0,0
老人购物车 老人助行车 DS510,医药保健--保健器械--轮椅,0,0
三贵Miki手动轮椅车 MSL-T22残疾人 全躺轮椅免充气航太铝轮椅,医药保健--保健器械--轮椅,0,0
手动轮椅高靠背折叠加厚坐垫带便孔24寸,医药保健--保健器械--轮椅,0,0
雅德 坐便椅老人孕妇坐便器病人轻便可折叠残疾人移动马桶椅子老年坐厕洗浴椅 YC7200（基础款）,医药保健--保健器械--轮椅,0,0
鱼跃D130HL电动轮椅残疾老人代步车智能全自动锂电池轻便便携折叠,医药保健--保健器械--轮椅,0,0
手动轮椅车可折叠轻便喷涂加厚坐垫坐便24寸,医药保健--保健器械--轮椅,0,0
鱼跃（YUWELL）轮椅H062C铝合金老人轻便轮椅折叠手动代步车小便携残疾人,医药保健--保健器械--轮椅,0,0
MIKI三贵轮椅M-43KJ老人残疾人折叠轻便便携手推车铝合金手动轮椅大轮款,医药保健--保健器械--轮椅,0,0
日本三贵轮椅MiKi折叠轻便便携老人老年旅行旅游残疾人小手推车MOC-43J 上海实体现货,医药保健--保健器械--轮椅,0,0
威之群wisking电动轮椅1023-28L锂电池轻便折叠老年人轮椅车残疾人代步车,医药保健--保健器械--轮椅,0,0
三贵MIKI轮椅MCS-43JL法拉利铝合金老人手推车双层坐垫老年人轮椅,医药保健--保健器械--轮椅,0,0
MIKI三贵轮椅MOCC-43L免充气胎轮椅折叠轻便老人残疾人便携轮椅,医药保健--保健器械--轮椅,0,0
日本三贵MIKI手动轮椅LS-2折叠轻便便携家用老人残疾人手推代步车 小轮款,医药保健--保健器械--轮椅,0,0
康扬轮椅KM-8520折叠轻便老年人手推车残疾人航太铝合金代步车【KM-8520 座宽47cm + 全国联保】,医药保健--保健器械--轮椅,0,0
鱼跃(yuwell)铝合金折叠轮椅 老人代步车残疾人轮椅车 1100型,医药保健--保健器械--轮椅,0,0
鱼跃(YUYUE)轮椅H062铝合金老人轮椅折叠轻便便携小老年手动代步车手推车,医药保健--保健器械--轮椅,0,0
三贵MIKI轮椅MCS-43JL法拉利铝合金老人手推车双层坐垫老年人轮椅 黑色款,医药保健--保健器械--轮椅,0,0
老人四角拐杖可折叠,医药保健--保健器械--轮椅,0,0
吉芮电动轮椅 老年人残疾人代步车可折叠可躺 JRWD601,医药保健--保健器械--轮椅,0,0
斯维驰SW1250老年代步车四轮老年电动车残疾人老人迷你型电瓶车电动代步车,医药保健--保健器械--轮椅,0,0
衡互邦全躺轮椅折叠轻便带坐便多功能老人老年便携超轻残疾手推车全躺,医药保健--保健器械--轮椅,0,0
三贵MIKI手动轮椅车MPTB-43JUS轻便折叠扶手可掀家用老人轻便轮椅,医药保健--保健器械--轮椅,0,0
吉芮 电动轮椅车 老人智能代步车残疾人折叠轻便可调康复轮椅手动电动全自动四轮多功能D1801,医药保健--保健器械--轮椅,0,0
可孚 轮椅轻便折叠老人电动轮椅车残疾人老年人电动代步车充气钢管智能四轮车 A3大轮12A铅酸电池,医药保健--保健器械--轮椅,0,0
MIKI三贵MOC-43J航钛铝合金轮椅大轮2用型老人轮椅 残疾人轮椅车,医药保健--保健器械--轮椅,0,0
可孚 家用老年人坐便器 标配,医药保健--保健器械--轮椅,0,0
王太医推拿床按摩床美容床搓背床美容凳子颜色随机,医药保健--保健器械--轮椅,0,0
三贵MIKI轮椅MCS-43JL法拉利铝合金老人手推车双层坐垫老年人轮椅 蓝色款,医药保健--保健器械--轮椅,0,0
鱼跃(YUWELL) H053C 轮椅老人折叠轻便 超轻小轮老年人便携 铝合金简易旅行手推车,医药保健--保健器械--轮椅,0,0
斯维驰老年电动轮椅锂电池全自动智能残疾人老人代步车轻便折叠,医药保健--保健器械--轮椅,0,0
可孚 老年人孕妇加厚钢管坐便椅器ZC097 标配,医药保健--保健器械--轮椅,0,0
鱼跃电动轮椅D130HL折叠轻便老年残疾人代步车四轮锂电池便携超轻,医药保健--保健器械--轮椅,0,0
斯维驰SW1102智能全自动多功能电动轮椅老人残疾人代步车高靠背,医药保健--保健器械--轮椅,0,0
德国斯维驰电动轮椅车轻便锂电池电动轮椅折叠老年人残疾人智能代步车 豪华舒适 轻便折叠可上飞机【金+12Ah锂电池】,医药保健--保健器械--轮椅,0,0
邯康68B履带电动爬楼车平地可电动行走上下楼梯轮椅车轻便折叠锂电池携带方便现货包邮,医药保健--保健器械--轮椅,0,0
斯维驰SW007锂电池全自动智能电动轮椅残疾人老人代步车轻便折叠,医药保健--保健器械--轮椅,0,0
斯维驰SW1100老人电动轮椅残疾人老年代步车四轮多功能智能,医药保健--保健器械--轮椅,0,0
伊凯电动轮椅越野型EP69雪豹出口欧盟进口配置900瓦电机残疾老年四轮电动轮椅车承重300斤北京现货可体验现货可货到付款,医药保健--保健器械--轮椅,0,0
斯维驰SW1102C电动轮椅老人代步车残疾人多功能智能轻便扶手可掀防后滑,医药保健--保健器械--轮椅,0,0
斯维驰电动轮椅SW1102D老人代步车残疾人高靠背智能多功能,医药保健--保健器械--轮椅,0,0
斯维驰SW1102C电动轮椅老人代步车残疾人多功能智能助行轻便,医药保健--保健器械--轮椅,0,0
金百合电动轮椅智能全自动折叠轻便老年代步车老人残疾人锂电池,医药保健--保健器械--轮椅,0,0
迈乐步电动轮椅A08L折叠轻便便携智能全自动老人代步车超轻双人老年可上飞机 上海大型实体展厅可试驾现货自提,医药保健--保健器械--轮椅,0,0
邯康自由行3履带电动爬楼车平地可电动行走上下楼梯轮椅车轻便折叠锂电池携带方便现货包邮,医药保健--保健器械--轮椅,0,0
伊凯电动轮椅EP68S越野型出口欧盟进口配置900瓦电机老年残疾人四轮电动轮椅车,医药保健--保健器械--轮椅,0,0
伊凯残疾人电动轮椅越野型出口欧盟进口配置900瓦电机老年四轮电动轮椅车 上海大型实体展厅可试驾,医药保健--保健器械--轮椅,0,0
伊凯残疾人电动轮椅EP68S越野型出口欧盟进口配置900瓦电机老年四轮电动轮椅车 上海大型实体展厅可试驾,医药保健--保健器械--轮椅,0,0
康扬(KARMA)电动轮椅KP-12T折叠轻便可仰趟儿童款轮椅代步车,医药保健--保健器械--轮椅,0,0
伊凯电动轮椅EP65S越野型可电动抬腿后躺后仰出口欧盟全进口配置现货当天发货实体店可试驾,医药保健--保健器械--轮椅,0,0
金百合电动轮椅 折叠轻便便携超轻旅行残疾人老年代步车 智能进口全自动锂电池仅19.5公斤可拖行 上海展厅,医药保健--保健器械--轮椅,0,0
斯维驰电动轮椅SW007锂电池全自动智能电动轮椅残疾人老人代步车轻便折叠德国品质现货包邮,医药保健--保健器械--轮椅,0,0
邯康7103电动轮椅轻便电动折叠双锂电池可上飞机重量20公斤携带方便铝合金老年残疾人四轮电动轮椅车,医药保健--保健器械--轮椅,0,0
伊凯电动轮椅EP65越野型可后仰出口欧盟全进口配置现货当天发货实体店可试驾,医药保健--保健器械--轮椅,0,0
德国斯维驰电动轮椅车轻便稳固锂电池电动轮椅折叠老年人残疾人智能代步车 豪华舒适 轻便折叠可上飞机【银色+12Ah锂电池】,医药保健--保健器械--轮椅,0,0
实木坐便椅老人孕厕所椅子加厚坐便器,医药保健--保健器械--轮椅,0,0
手动轮椅（高靠背）折叠轻便喷涂加厚坐垫带便孔24寸,医药保健--保健器械--轮椅,0,0
威之群wisking电动轮椅1023-35多功能智能全自动老年人可躺可站立轮椅车,医药保健--保健器械--轮椅,0,0
康扬电动轮椅KP-31T 折叠轻便残疾人老年人 多功能代步车轮椅车,医药保健--保健器械--轮椅,0,0
迈乐步电动轮椅老人残疾人代步车智能全自动折叠轻便便携超轻锂电池老年双人可上飞机 实体展厅,医药保健--保健器械--轮椅,0,0
伊凯多功能电动轮椅EP65S越野型可电动抬腿后躺后仰出口欧盟全进口配置 上海大型实体展厅试驾,医药保健--保健器械--轮椅,0,0
斯维驰SW1200太阳能充电老人代步车四轮电动老人家用小型电瓶车,医药保健--保健器械--轮椅,0,0
威之群wisking电动轮椅1023-31虎威老年残疾人电动代步车电动后躺轮椅车,医药保健--保健器械--轮椅,0,0
伊凯电动轮椅EP68S-L越野型可电动后仰出口欧盟进口配置900瓦电机老年残疾人四轮电动轮椅车,医药保健--保健器械--轮椅,0,0
残疾人电动轮椅车折叠轻便便携超轻锂电池智能全自动老年代步车四轮老人可上飞机 上海大型实体展厅可试驾现货自提,医药保健--保健器械--轮椅,0,0
邯康68Ａ履带电动爬楼车平地不能电动行走上下楼梯轮椅车轻便折叠锂电池携带方便现货包邮,医药保健--保健器械--轮椅,0,0
康扬电动轮椅KP-31智能全自动便携靠背可后仰操控灵活电动代步车,医药保健--保健器械--轮椅,0,0
